Program Version:,EnergyPlus, Version 9.0.1-bb7ca4f0da, YMD=2019.01.31 12:15
Tabular Output Report in Format: ,Comma

Building:,SF_California_Sacramento.Metro.AP.724839_gasfurnace_slab_IECC_2006
Environment:,ANNUAL ** Roma-Fiumicino - ITA IGDG WMO#=162420

----------------------------------------------------------------------------------------------------
REPORT:,Annual Building Utility Performance Summary
FOR:,Entire Facility
Values gathered over      8760.00 hours

Site and Source Energy

,,Total Energy [GJ],Energy Per Total Building Area [MJ/m2],Energy Per Conditioned Building Area [MJ/m2]
,Total Site Energy,111.06,331.94,497.92
,Net Site Energy,111.06,331.94,497.92
,Total Source Energy,220.84,660.07,990.11
,Net Source Energy,220.84,660.07,990.11


Site to Source Energy Conversion Factors

,,Site=>Source Conversion Factor
,Electricity,3.167
,Natural Gas,1.084
,District Cooling,1.056
,District Heating,3.613
,Steam,0.300
,Gasoline,1.050
,Diesel,1.050
,Coal,1.050
,Fuel Oil #1,1.050
,Fuel Oil #2,1.050
,Propane,1.050
,Other Fuel 1,1.000
,Other Fuel 2,1.000


Building Area

,,Area [m2]
,Total Building Area,334.57
,Net Conditioned Building Area,223.05
,Unconditioned Building Area,111.52


End Uses

,,Electricity [GJ],Natural Gas [GJ],Additional Fuel [GJ],District Cooling [GJ],District Heating [GJ],Water [m3]
,Heating,0.00,40.05,0.00,0.00,0.00,0.00
,Cooling,10.21,0.00,0.00,0.00,0.00,0.00
,Interior Lighting,5.89,0.00,0.00,0.00,0.00,0.00
,Exterior Lighting,1.40,0.00,0.00,0.00,0.00,0.00
,Interior Equipment,24.14,3.59,0.00,0.00,0.00,0.00
,Exterior Equipment,0.00,0.00,0.00,0.00,0.00,0.00
,Fans,6.59,0.00,0.00,0.00,0.00,0.00
,Pumps,0.00,0.00,0.00,0.00,0.00,0.00
,Heat Rejection,0.00,0.00,0.00,0.00,0.00,0.00
,Humidification,0.00,0.00,0.00,0.00,0.00,0.00
,Heat Recovery,0.00,0.00,0.00,0.00,0.00,0.00
,Water Systems,0.00,19.20,0.00,0.00,0.00,114.89
,Refrigeration,0.00,0.00,0.00,0.00,0.00,0.00
,Generators,0.00,0.00,0.00,0.00,0.00,0.00
,,,,,,,
,Total End Uses,48.23,62.83,0.00,0.00,0.00,114.89
Note: Natural gas appears to be the principal heating source based on energy usage.


End Uses By Subcategory

,,Subcategory,Electricity [GJ],Natural Gas [GJ],Additional Fuel [GJ],District Cooling [GJ],District Heating [GJ],Water [m3]
,Heating,General,0.00,40.05,0.00,0.00,0.00,0.00
,Cooling,General,10.21,0.00,0.00,0.00,0.00,0.00
,Interior Lighting,General,5.89,0.00,0.00,0.00,0.00,0.00
,Exterior Lighting,Exterior-Lights,1.40,0.00,0.00,0.00,0.00,0.00
,Interior Equipment,Appl,6.70,2.18,0.00,0.00,0.00,0.00
,,Misc,17.45,1.41,0.00,0.00,0.00,0.00
,Exterior Equipment,General,0.00,0.00,0.00,0.00,0.00,0.00
,Fans,Ventilation (simple),0.00,0.00,0.00,0.00,0.00,0.00
,,General,6.59,0.00,0.00,0.00,0.00,0.00
,Pumps,General,0.00,0.00,0.00,0.00,0.00,0.00
,Heat Rejection,General,0.00,0.00,0.00,0.00,0.00,0.00
,Humidification,General,0.00,0.00,0.00,0.00,0.00,0.00
,Heat Recovery,General,0.00,0.00,0.00,0.00,0.00,0.00
,Water Systems,Water Heater,0.00,19.20,0.00,0.00,0.00,0.00
,,Domestic Hot Water,0.00,0.00,0.00,0.00,0.00,114.89
,Refrigeration,General,0.00,0.00,0.00,0.00,0.00,0.00
,Generators,General,0.00,0.00,0.00,0.00,0.00,0.00


Normalized Metrics
Utility Use Per Conditioned Floor Area

,,Electricity Intensity [MJ/m2],Natural Gas Intensity [MJ/m2],Additional Fuel Intensity [MJ/m2],District Cooling Intensity [MJ/m2],District Heating Intensity [MJ/m2],Water Intensity [m3/m2]
,Lighting,32.65,0.00,0.00,0.00,0.00,0.00
,HVAC,75.31,265.61,0.00,0.00,0.00,0.52
,Other,108.25,16.09,0.00,0.00,0.00,0.00
,Total,216.21,281.70,0.00,0.00,0.00,0.52


Utility Use Per Total Floor Area

,,Electricity Intensity [MJ/m2],Natural Gas Intensity [MJ/m2],Additional Fuel Intensity [MJ/m2],District Cooling Intensity [MJ/m2],District Heating Intensity [MJ/m2],Water Intensity [m3/m2]
,Lighting,21.77,0.00,0.00,0.00,0.00,0.00
,HVAC,50.21,177.08,0.00,0.00,0.00,0.34
,Other,72.17,10.73,0.00,0.00,0.00,0.00
,Total,144.14,187.80,0.00,0.00,0.00,0.34


Electric Loads Satisfied

,,Electricity [GJ],Percent Electricity [%]
,Fuel-Fired Power Generation,0.000,0.00
,High Temperature Geothermal*,0.000,0.00
,Photovoltaic Power,0.000,0.00
,Wind Power,0.000,0.00
,Power Conversion,0.000,0.00
,Net Decrease in On-Site Storage,0.000,0.00
,Total On-Site Electric Sources,0.000,0.00
,,,
,Electricity Coming From Utility,48.226,100.00
,Surplus Electricity Going To Utility,0.000,0.00
,Net Electricity From Utility,48.226,100.00
,,,
,Total On-Site and Utility Electric Sources,48.226,100.00
,Total Electricity End Uses,48.226,100.00


On-Site Thermal Sources

,,Heat [GJ],Percent Heat [%]
,Water-Side Heat Recovery,0.00,
,Air to Air Heat Recovery for Cooling,0.00,
,Air to Air Heat Recovery for Heating,0.00,
,High-Temperature Geothermal*,0.00,
,Solar Water Thermal,0.00,
,Solar Air Thermal,0.00,
,Total On-Site Thermal Sources,0.00,


Water Source Summary

,,Water [m3],Percent Water [%]
,Rainwater Collection,0.00,0.00
,Condensate Collection,0.00,0.00
,Groundwater Well,0.00,0.00
,Total On Site Water Sources,0.00,0.00
,-,-,-
,Initial Storage,0.00,0.00
,Final Storage,0.00,0.00
,Change in Storage,0.00,0.00
,-,-,-
,Water Supplied by Utility,114.89,100.00
,-,-,-
,Total On Site, Change in Storage, and Utility Water Sources,114.89,100.00
,Total Water End Uses,114.89,100.00


Setpoint Not Met Criteria

,,Degrees [deltaC]
,Tolerance for Zone Heating Setpoint Not Met Time,0.20
,Tolerance for Zone Cooling Setpoint Not Met Time,0.20


Comfort and Setpoint Not Met Summary

,,Facility [Hours]
,Time Setpoint Not Met During Occupied Heating,4.25
,Time Setpoint Not Met During Occupied Cooling,0.00
,Time Not Comfortable Based on Simple ASHRAE 55-2004,947.50


Note 1: An asterisk (*) indicates that the feature is not yet implemented.
----------------------------------------------------------------------------------------------------
REPORT:,Input Verification and Results Summary
FOR:,Entire Facility
General

,,Value
,Program Version and Build,EnergyPlus, Version 9.0.1-bb7ca4f0da, YMD=2019.01.31 12:15
,RunPeriod,ANNUAL
,Weather File,Roma-Fiumicino - ITA IGDG WMO#=162420
,Latitude [deg],41.80
,Longitude [deg],12.23
,Elevation [m],3.00
,Time Zone,1.00
,North Axis Angle [deg],0.00
,Rotation for Appendix G [deg],0.00
,Hours Simulated [hrs],8760.00


ENVELOPE
Window-Wall Ratio

,,Total,North (315 to 45 deg),East (45 to 135 deg),South (135 to 225 deg),West (225 to 315 deg)
,Gross Wall Area [m2],235.13,63.12,54.44,63.12,54.44
,Above Ground Wall Area [m2],235.13,63.12,54.44,63.12,54.44
,Window Opening Area [m2],36.71,9.18,9.18,9.18,9.18
,Gross Window-Wall Ratio [%],15.61,14.54,16.86,14.54,16.86
,Above Ground Window-Wall Ratio [%],15.61,14.54,16.86,14.54,16.86


Conditioned Window-Wall Ratio

,,Total,North (315 to 45 deg),East (45 to 135 deg),South (135 to 225 deg),West (225 to 315 deg)
,Gross Wall Area [m2],221.17,63.12,47.46,63.12,47.46
,Above Ground Wall Area [m2],221.17,63.12,47.46,63.12,47.46
,Window Opening Area [m2],36.71,9.18,9.18,9.18,9.18
,Gross Window-Wall Ratio [%],16.60,14.54,19.34,14.54,19.34
,Above Ground Window-Wall Ratio [%],16.60,14.54,19.34,14.54,19.34


Skylight-Roof Ratio

,,Total
,Gross Roof Area [m2],117.55
,Skylight Area [m2],0.00
,Skylight-Roof Ratio [%],0.00


PERFORMANCE
Zone Summary

,,Area [m2],Conditioned (Y/N),Part of Total Floor Area (Y/N),Volume [m3],Multipliers,Above Ground Gross Wall Area [m2],Underground Gross Wall Area [m2],Window Glass Area [m2],Opening Area [m2],Lighting [W/m2],People [m2 per person],Plug and Process [W/m2]
,LIVING_UNIT1,223.05,Yes,Yes,476.12,1.00,221.17,0.00,33.17,36.71,2.5706,74.35,6.5326
,ATTIC_UNIT1,111.52,No,Yes,85.05,1.00,13.97,0.00,0.00,0.00,0.0000,,0.0000
,Total,334.57,,,561.16,,235.13,0.00,33.17,36.71,1.7137,111.52,4.3550
,Conditioned Total,223.05,,,476.12,,221.17,0.00,33.17,36.71,2.5706,74.35,6.5326
,Unconditioned Total,111.52,,,85.05,,13.97,0.00,0.00,0.00,0.0000,,0.0000
,Not Part of Total,0.00,,,0.00,,0.00,0.00,0.00,0.00,,,


----------------------------------------------------------------------------------------------------
REPORT:,Demand End Use Components Summary
FOR:,Entire Facility
End Uses

,,Electricity [W],Natural Gas [W],Propane [W],District Cooling [W],Steam [W],Water [m3/s]
,Time of Peak,15-AUG-15:15,09-JAN-06:30,-,-,-,11-MAR-08:15
,Heating,0.00,8198.19,0.00,0.00,0.00,0.00
,Cooling,2841.34,0.00,0.00,0.00,0.00,0.00
,Interior Lighting,116.47,0.00,0.00,0.00,0.00,0.00
,Exterior Lighting,2.85,0.00,0.00,0.00,0.00,0.00
,Interior Equipment,751.12,85.82,0.00,0.00,0.00,0.00
,Exterior Equipment,0.00,0.00,0.00,0.00,0.00,0.00
,Fans,731.79,0.00,0.00,0.00,0.00,0.00
,Pumps,0.00,0.00,0.00,0.00,0.00,0.00
,Heat Rejection,0.00,0.00,0.00,0.00,0.00,0.00
,Humidification,0.00,0.00,0.00,0.00,0.00,0.00
,Heat Recovery,0.00,0.00,0.00,0.00,0.00,0.00
,Water Systems,0.00,1862.76,0.00,0.00,0.00,0.00
,Refrigeration,0.00,0.00,0.00,0.00,0.00,0.00
,Generators,0.00,0.00,0.00,0.00,0.00,0.00
,,,,,,,
,Total End Uses,4443.56,10146.77,0.00,0.00,0.00,0.00


End Uses By Subcategory

,,Subcategory,Electricity [W],Natural Gas [W],Propane [W],District Cooling [W],Steam [W],Water [m3/s]
,Heating,General,0.00,8198.19,0.00,0.00,0.00,0.00
,Cooling,General,2841.34,0.00,0.00,0.00,0.00,0.00
,Interior Lighting,General,116.47,0.00,0.00,0.00,0.00,0.00
,Exterior Lighting,Exterior-Lights,2.85,0.00,0.00,0.00,0.00,0.00
,Interior Equipment,Appl,239.18,41.02,0.00,0.00,0.00,0.00
,,Misc,511.94,44.80,0.00,0.00,0.00,0.00
,Exterior Equipment,General,0.00,0.00,0.00,0.00,0.00,0.00
,Fans,Ventilation (simple),0.00,0.00,0.00,0.00,0.00,0.00
,,General,731.79,0.00,0.00,0.00,0.00,0.00
,Pumps,General,0.00,0.00,0.00,0.00,0.00,0.00
,Heat Rejection,General,0.00,0.00,0.00,0.00,0.00,0.00
,Humidification,General,0.00,0.00,0.00,0.00,0.00,0.00
,Heat Recovery,General,0.00,0.00,0.00,0.00,0.00,0.00
,Water Systems,Water Heater,0.00,1862.76,0.00,0.00,0.00,0.00
,,Domestic Hot Water,0.00,0.00,0.00,0.00,0.00,0.00
,Refrigeration,General,0.00,0.00,0.00,0.00,0.00,0.00
,Generators,General,0.00,0.00,0.00,0.00,0.00,0.00


----------------------------------------------------------------------------------------------------
REPORT:,Source Energy End Use Components Summary
FOR:,Entire Facility
Values gathered over      8760.00 hours

Source Energy End Use Components Summary

,,Source Electricity [GJ],Source Natural Gas [GJ],Source Additional Fuel [GJ],Source District Cooling [GJ],Source District Heating [GJ]
,Heating,0.00,43.41,0.00,0.00,0.00
,Cooling,32.33,0.00,0.00,0.00,0.00
,Interior Lighting,18.64,0.00,0.00,0.00,0.00
,Exterior Lighting,4.43,0.00,0.00,0.00,0.00
,Interior Equipment,76.47,3.89,0.00,0.00,0.00
,Exterior Equipment,0.00,0.00,0.00,0.00,0.00
,Fans,20.87,0.00,0.00,0.00,0.00
,Pumps,0.00,0.00,0.00,0.00,0.00
,Heat Rejection,0.00,0.00,0.00,0.00,0.00
,Humidification,0.00,0.00,0.00,0.00,0.00
,Heat Recovery,0.00,0.00,0.00,0.00,0.00
,Water Systems,0.00,20.81,0.00,0.00,0.00
,Refrigeration,0.00,0.00,0.00,0.00,0.00
,Generators,0.00,0.00,0.00,0.00,0.00
,,,,,,
,Total Source Energy End Use Components,152.73,68.11,0.00,0.00,0.00


Normalized Metrics
Source Energy End Use Components Per Conditioned Floor Area

,,Source Electricity [MJ/m2],Source Natural Gas [MJ/m2],Source Additional Fuel [MJ/m2],Source District Cooling [MJ/m2],Source District Heating [MJ/m2]
,Heating,0.00,194.63,0.00,0.00,0.00
,Cooling,144.93,0.00,0.00,0.00,0.00
,Interior Lighting,83.57,0.00,0.00,0.00,0.00
,Exterior Lighting,19.84,0.00,0.00,0.00,0.00
,Interior Equipment,342.82,17.44,0.00,0.00,0.00
,Exterior Equipment,0.00,0.00,0.00,0.00,0.00
,Fans,93.58,0.00,0.00,0.00,0.00
,Pumps,0.00,0.00,0.00,0.00,0.00
,Heat Rejection,0.00,0.00,0.00,0.00,0.00
,Humidification,0.00,0.00,0.00,0.00,0.00
,Heat Recovery,0.00,0.00,0.00,0.00,0.00
,Water Systems,0.00,93.29,0.00,0.00,0.00
,Refrigeration,0.00,0.00,0.00,0.00,0.00
,Generators,0.00,0.00,0.00,0.00,0.00
,,,,,,
,Total Source Energy End Use Components,684.74,305.37,0.00,0.00,0.00


Source Energy End Use Components Per Total Floor Area

,,Source Electricity [MJ/m2],Source Natural Gas [MJ/m2],Source Additional Fuel [MJ/m2],Source District Cooling [MJ/m2],Source District Heating [MJ/m2]
,Heating,0.00,194.63,0.00,0.00,0.00
,Cooling,144.93,0.00,0.00,0.00,0.00
,Interior Lighting,83.57,0.00,0.00,0.00,0.00
,Exterior Lighting,19.84,0.00,0.00,0.00,0.00
,Interior Equipment,342.82,17.44,0.00,0.00,0.00
,Exterior Equipment,0.00,0.00,0.00,0.00,0.00
,Fans,93.58,0.00,0.00,0.00,0.00
,Pumps,0.00,0.00,0.00,0.00,0.00
,Heat Rejection,0.00,0.00,0.00,0.00,0.00
,Humidification,0.00,0.00,0.00,0.00,0.00
,Heat Recovery,0.00,0.00,0.00,0.00,0.00
,Water Systems,0.00,93.29,0.00,0.00,0.00
,Refrigeration,0.00,0.00,0.00,0.00,0.00
,Generators,0.00,0.00,0.00,0.00,0.00
,,,,,,
,Total Source Energy End Use Components,684.74,305.37,0.00,0.00,0.00


----------------------------------------------------------------------------------------------------
REPORT:,Component Sizing Summary
FOR:,Entire Facility
AirTerminal:SingleDuct:Uncontrolled

,,Design Size Maximum Air Flow Rate [m3/s]
,ZONEDIRECTAIR_UNIT1,0.716613
User-Specified values were used. Design Size values were used if no User-Specified values were provided.


AirLoopHVAC

,,Sum of Air Terminal Maximum Heating Flow Rates [m3/s],Sum of Air Terminal Minimum Heating Flow Rates [m3/s],Sum of Air Terminal Maximum Flow Rates [m3/s],Adjusted Heating Design Air Flow Rate [m3/s],Adjusted Cooling Design Air Flow Rate [m3/s],Adjusted Main Design Air Flow Rate [m3/s],User Heating Air Flow Ratio [],Calculated Heating Air Flow Ratio [],Design Supply Air Flow Rate [m3/s]
,CENTRAL SYSTEM_UNIT1,0.716613,0.716613,0.716613,0.716613,0.716613,0.716613,1.00,1.00,0.716613
User-Specified values were used. Design Size values were used if no User-Specified values were provided.


Coil:Cooling:DX:SingleSpeed

,,Design Size Rated Air Flow Rate [m3/s],Design Size Gross Rated Total Cooling Capacity [W],Design Size Gross Rated Sensible Heat Ratio
,DX COOLING COIL_UNIT1,0.716613,12403.42,0.800621
User-Specified values were used. Design Size values were used if no User-Specified values were provided.


AirLoopHVAC:UnitaryHeatCool

,,Supply Air Flow Rate [m3/s],Supply Air Flow Rate During Heating Operation [m3/s],Supply Air Flow Rate During Cooling Operation [m3/s],Nominal Heating Capacity [W],Nominal Cooling Capacity [W],Fraction of Supply Air Flow That Goes Through the Controlling Zone
,ACANDF_UNIT1,0.716613,0.716613,0.716613,6394.58,12403.42,1.00
User-Specified values were used. Design Size values were used if no User-Specified values were provided.


Fan:OnOff

,,Design Size Maximum Flow Rate [m3/s]
,SUPPLY FAN_UNIT1,0.716613
User-Specified values were used. Design Size values were used if no User-Specified values were provided.


Coil:Heating:Fuel

,,Design Size Nominal Capacity [W]
,MAIN GAS HEATING COIL_UNIT1,6394.58
User-Specified values were used. Design Size values were used if no User-Specified values were provided.


PlantLoop

,,Maximum Loop Flow Rate [m3/s],Plant Loop Volume [m3]
,DHW LOOP_UNIT1,0.000009,0.001096
User-Specified values were used. Design Size values were used if no User-Specified values were provided.


Pump:VariableSpeed

,,Design Flow Rate [m3/s]
,MAINS PRESSURE_UNIT1,0.000009
User-Specified values were used. Design Size values were used if no User-Specified values were provided.


WaterHeater:Mixed

,,Maximum Heater Capacity [W],Use Side Design Flow Rate [m3/s]
,WATER HEATER_UNIT1,11137.80,0.000009
User-Specified values were used. Design Size values were used if no User-Specified values were provided.


----------------------------------------------------------------------------------------------------
REPORT:,Surface Shadowing Summary
FOR:,Entire Facility
Surfaces (Walls, Roofs, etc) that may be Shadowed by Other Surfaces

,,Possible Shadow Receivers
,OVERHANG_SDR_1.UNIT1,WALL_SDR_1.UNIT1 |
,Mir-OVERHANG_SDR_1.UNIT1,OVERHANG_SDR_2.UNIT1 | WALL_SDR_1.UNIT1 | WALL_SDR_2.UNIT1 | ROOF_RIGHT_UNIT1 |
,OVERHANG_SDR_2.UNIT1,WALL_SDR_2.UNIT1 |
,Mir-OVERHANG_SDR_2.UNIT1,WALL_SDR_2.UNIT1 | ROOF_RIGHT_UNIT1 |
,WALL_SDR_1.UNIT1,OVERHANG_SDR_1.UNIT1 | OVERHANG_SDR_2.UNIT1 |
,WALL_SDR_2.UNIT1,OVERHANG_SDR_2.UNIT1 |


Subsurfaces (Windows and Doors) that may be Shadowed by Surfaces

,,Possible Shadow Receivers
,WALL_LDF_1.UNIT1,WINDOW_LDF_1.UNIT1 | DOOR_LDF_UNIT1 |
,WALL_SDR_1.UNIT1,WINDOW_SDR_1.UNIT1 |
,WALL_LDB_1.UNIT1,WINDOW_LDB_1.UNIT1 | DOOR_LDB_UNIT1 |
,WALL_SDL_1.UNIT1,WINDOW_SDL_1.UNIT1 |
,WALL_LDF_2.UNIT1,WINDOW_LDF_2.UNIT1 |
,WALL_SDR_2.UNIT1,WINDOW_SDR_2.UNIT1 |
,WALL_LDB_2.UNIT1,WINDOW_LDB_2.UNIT1 |
,WALL_SDL_2.UNIT1,WINDOW_SDL_2.UNIT1 |


----------------------------------------------------------------------------------------------------
REPORT:,Adaptive Comfort Summary
FOR:,Entire Facility
Time Not Meeting the Adaptive Comfort Models during Occupied Hours

,,ASHRAE55 90% Acceptability Limits [Hours],ASHRAE55 80% Acceptability Limits  [Hours],CEN15251 Category I Acceptability Limits [Hours],CEN15251 Category II Acceptability Limits [Hours],CEN15251 Category III Acceptability Limits [Hours]


----------------------------------------------------------------------------------------------------
REPORT:,Initialization Summary
FOR:,Entire Facility
Version

,,Version ID
,           1,9.0


Timesteps per Hour

,,#TimeSteps,Minutes per TimeStep {minutes}
,           1,4,15


System Convergence Limits

,,Minimum System TimeStep {minutes},Max HVAC Iterations,Minimum Plant Iterations,Maximum Plant Iterations
,           1,1,20,2,8


Simulation Control

,,Do Zone Sizing,Do System Sizing,Do Plant Sizing,Do Design Days,Do Weather Simulation,Do HVAC Sizing Simulation
,           1,Yes,Yes,No,Yes,Yes,No


Output Reporting Tolerances

,,Tolerance for Time Heating Setpoint Not Met,Tolerance for Zone Cooling Setpoint Not Met Time
,           1,0.200,0.200


Site:GroundTemperature:BuildingSurface

,,Jan{C},Feb{C},Mar{C},Apr{C},May{C},Jun{C},Jul{C},Aug{C},Sep{C},Oct{C},Nov{C},Dec{C}
,           1,18.00,18.00,18.00,18.00,18.00,18.00,18.00,18.00,18.00,18.00,18.00,18.00


Site:GroundTemperature:FCfactorMethod

,,Jan{C},Feb{C},Mar{C},Apr{C},May{C},Jun{C},Jul{C},Aug{C},Sep{C},Oct{C},Nov{C},Dec{C}
,           1,7.80,9.20,11.92,14.49,19.36,21.92,22.63,21.33,18.32,14.58,10.90,8.47


Site:GroundTemperature:Shallow

,,Jan{C},Feb{C},Mar{C},Apr{C},May{C},Jun{C},Jul{C},Aug{C},Sep{C},Oct{C},Nov{C},Dec{C}
,           1,13.00,13.00,13.00,13.00,13.00,13.00,13.00,13.00,13.00,13.00,13.00,13.00


Site:GroundTemperature:Deep

,,Jan{C},Feb{C},Mar{C},Apr{C},May{C},Jun{C},Jul{C},Aug{C},Sep{C},Oct{C},Nov{C},Dec{C}
,           1,16.00,16.00,16.00,16.00,16.00,16.00,16.00,16.00,16.00,16.00,16.00,16.00


Site:GroundReflectance

,,Jan{dimensionless},Feb{dimensionless},Mar{dimensionless},Apr{dimensionless},May{dimensionless},Jun{dimensionless},Jul{dimensionless},Aug{dimensionless},Sep{dimensionless},Oct{dimensionless},Nov{dimensionless},Dec{dimensionless}
,           1,0.20,0.20,0.20,0.20,0.20,0.20,0.20,0.20,0.20,0.20,0.20,0.20


Site:GroundReflectance:SnowModifier

,,Normal,Daylighting {dimensionless}
,           1,1.000,1.000


Site:GroundReflectance:Snow

,,Jan{dimensionless},Feb{dimensionless},Mar{dimensionless},Apr{dimensionless},May{dimensionless},Jun{dimensionless},Jul{dimensionless},Aug{dimensionless},Sep{dimensionless},Oct{dimensionless},Nov{dimensionless},Dec{dimensionless}
,           1,0.20,0.20,0.20,0.20,0.20,0.20,0.20,0.20,0.20,0.20,0.20,0.20


Site:GroundReflectance:Snow:Daylighting

,,Jan{dimensionless},Feb{dimensionless},Mar{dimensionless},Apr{dimensionless},May{dimensionless},Jun{dimensionless},Jul{dimensionless},Aug{dimensionless},Sep{dimensionless},Oct{dimensionless},Nov{dimensionless},Dec{dimensionless}
,           1,0.20,0.20,0.20,0.20,0.20,0.20,0.20,0.20,0.20,0.20,0.20,0.20


Environment:Weather Station

,,Wind Sensor Height Above Ground {m},Wind Speed Profile Exponent {},Wind Speed Profile Boundary Layer Thickness {m},Air Temperature Sensor Height Above Ground {m},Wind Speed Modifier Coefficient-Internal,Temperature Modifier Coefficient-Internal
,           1,10.000,0.140,270.000,1.500,1.586,9.750E-003


Site:Location

,,Location Name,Latitude {N+/S- Deg},Longitude {E+/W- Deg},Time Zone Number {GMT+/-},Elevation {m},Standard Pressure at Elevation {Pa},Standard RhoAir at Elevation
,           1,Roma-Fiumicino - ITA IGDG WMO#=162420,41.80,12.23,1.00,3.00,101289,1.2039


Site Water Mains Temperature Information

,,Calculation Method{},Water Mains Temperature Schedule Name{},Annual Average Outdoor Air Temperature{C},Maximum Difference In Monthly Average Outdoor Air Temperatures{deltaC},Fixed Default Water Mains Temperature{C}
,           1,Correlation,NA,15.87,16.10,NA


Building Information

,,Building Name,North Axis {deg},Terrain,Loads Convergence Tolerance Value,Temperature Convergence Tolerance Value,Solar Distribution,Maximum Number of Warmup Days,Minimum Number of Warmup Days
,           1,SF_California_Sacramento.Metro.AP.724839_gasfurnace_slab_IECC_2006,0.000,Suburbs,4.00000E-002,0.40000,FullExterior,25,6


Inside Convection Algorithm

,,Algorithm {Simple
,,TARP
,,CeilingDiffuser
,,AdaptiveConvectionAlgorithm}
,           1,TARP


Outside Convection Algorithm

,,Algorithm {SimpleCombined
,,TARP
,,MoWitt
,,DOE-2
,,AdaptiveConvectionAlgorithm}
,           1,DOE-2


Sky Radiance Distribution

,,Value {Anisotropic}
,           1,Anisotropic


Zone Air Solution Algorithm

,,Value {ThirdOrderBackwardDifference
,,AnalyticalSolution
,,EulerMethod}
,           1,ThirdOrderBackwardDifference


Zone Air Carbon Dioxide Balance Simulation

,,Simulation {Yes/No},Carbon Dioxide Concentration
,           1,No,N/A


Zone Air Generic Contaminant Balance Simulation

,,Simulation {Yes/No},Generic Contaminant Concentration
,           1,No,N/A


Zone Air Mass Flow Balance Simulation

,,Enforce Mass Balance,Adjust Zone Mixing,Adjust Zone Infiltration {AddInfiltration,Infiltration Zones {MixingSourceZonesOnly
,,,,AdjustInfiltration,AllZones}
,,,,None},
,           1,No,N/A,N/A,N/A


HVACSystemRootFindingAlgorithm

,,Value {RegulaFalsi
,,Bisection
,,BisectionThenRegulaFalsi
,,RegulaFalsiThenBisection}
,           1,RegulaFalsi


Environment:Site Atmospheric Variation

,,Wind Speed Profile Exponent {},Wind Speed Profile Boundary Layer Thickness {m},Air Temperature Gradient Coefficient {K/m}
,           1,0.220,370.000,6.500000E-003


Material Details

,,Material Name,ThermalResistance {m2-K/w},Roughness,Thickness {m},Conductivity {w/m-K},Density {kg/m3},Specific Heat {J/kg-K},Absorptance:Thermal,Absorptance:Solar,Absorptance:Visible
,           1,WALL_CONSOL_LAYER,1.4900,Rough,8.8900E-002,5.966E-002,120.801,1036.258,0.9000,0.7000,0.7000
,           2,SHEATHING_CONSOL_LAYER,0.1351,Rough,1.2700E-002,9.402E-002,685.008,1172.332,0.9000,0.7000,0.7000
,           3,CEIL_CONSOL_LAYER,5.1596,Rough,0.3184,6.172E-002,41.929,776.251,0.9000,0.7000,0.7000
,           4,FLOOR_CONSOL_LAYER,2.8790,Rough,0.1397,4.852E-002,55.074,916.931,0.9000,0.7000,0.7000
,           5,BSMTWALL_CONSOL_LAYER,1.4900,Rough,8.8900E-002,5.966E-002,120.801,1036.258,0.9000,0.7000,0.7000
,           6,CRAWLWALL_CONSOL_LAYER,1.4900,Rough,8.8900E-002,5.966E-002,120.801,1036.258,0.9000,0.7000,0.7000
,           7,VERY HIGH REFLECTIVITY SURFACE,2.1097E-006,Smooth,5.0000E-004,237.000,2702.000,903.000,0.9000,5.0000E-002,5.0000E-002
,           8,GYPSUMBOARD-5/16IN,4.9532E-002,Rough,7.9395E-003,0.160,801.000,465.200,0.9000,0.4000,0.1000
,           9,COPPERPIPE,4.7506E-005,MediumRough,1.9050E-002,401.000,2243.000,837.000,0.9000,0.6500,0.6500
,          10,F08 METAL SURFACE,1.7668E-005,Smooth,8.0000E-004,45.280,7824.000,500.000,0.9000,0.7000,0.7000
,          11,CONCRETE_4IN,7.7356E-002,Rough,0.1015,1.312,2242.800,465.200,0.9000,0.7000,0.7000
,          12,ASPHALT_SHINGLE,7.7448E-002,MediumRough,6.3399E-003,8.186E-002,1121.292,1255.200,0.9000,0.7500,0.7000
,          13,WOOD_SHINGLE,0.1115,MediumSmooth,1.2700E-002,0.114,426.091,1631.760,0.9000,0.7000,0.7000
,          14,SLATE_SHINGLE,8.8061E-003,MediumSmooth,1.2700E-002,1.442,1601.845,1255.200,0.9000,0.7000,0.7000
,          15,STUCCO_1IN,1.8157E-002,MediumSmooth,2.5400E-002,1.399,1922.214,878.640,0.9000,0.7000,0.7000
,          16,DRYWALL_1/2IN,7.9331E-002,MediumSmooth,1.2700E-002,0.160,800.923,1087.840,0.9000,0.7000,0.7000
,          17,OSB_5/8IN,0.1365,MediumSmooth,1.5875E-002,0.116,544.627,1213.360,0.9000,0.7000,0.7000
,          18,OSB_5/16IN,6.8358E-002,MediumSmooth,7.9500E-003,0.116,544.627,1213.360,0.9000,0.7000,0.7000
,          19,BLOWN_R30,5.1614,MediumRough,0.2126,4.119E-002,9.611,836.800,0.9000,0.7000,0.7000
,          20,BLOWN_R30_TOP,2.8489,MediumRough,0.1173,4.119E-002,9.611,836.800,0.9000,0.7000,0.7000
,          21,PLYWOOD_3/4IN,0.1650,Rough,1.9050E-002,0.115,544.680,674.540,0.9000,0.7000,0.7000
,          22,BATT_R19,7.3089,MediumRough,2.5400E-002,3.475E-003,9.611,836.800,0.9000,0.7000,0.7000
,          23,LUMBER_2X4,0.7709,Rough,8.9002E-002,0.115,512.640,767.580,0.9000,0.7000,0.7000
,          24,CARPET_N_PAD,0.4224,MediumSmooth,2.5400E-002,6.013E-002,32.037,836.800,0.9000,0.7000,0.7000
,          25,BATT_R13,2.2936,MediumRough,8.8900E-002,3.876E-002,9.611,836.800,0.9000,0.7000,0.7000
,          26,OSB_1/2IN,0.1092,MediumSmooth,1.2700E-002,0.116,544.627,1213.360,0.9000,0.7000,0.7000
,          27,SOIL_12IN,0.1761,Rough,0.3048,1.731,1842.300,232.600,0.9000,0.7000,0.7000
,          28,DOOR_CONST,0.4402,Smooth,3.1702E-002,7.201E-002,512.640,767.580,0.9000,0.7000,0.7000
,          29,GYPSUMBOARD-1_2IN,7.9294E-002,Rough,1.2710E-002,0.160,801.000,465.200,0.9000,0.4000,0.1000
,          30,STD WOOD 6INCH,1.2500,MediumSmooth,0.1500,0.120,540.000,1210.000,0.9000,0.7000,0.7000
,          31,PIPE INSULATION,0.3830,VeryRough,1.2703E-002,3.317E-002,91.000,836.000,0.9000,0.5000,0.5000
,          32,MANF_WALL_AIRGAP,0.1200,Smooth,0.0000,0.000,0.000,0.000,0.9000,0.7000,0.7000
,          33,BLDG_PAPER_FELT,1.0567E-002,Smooth,0.0000,0.000,0.000,0.000,0.9000,0.7000,0.7000
,          34,R_HIGH,177.0000,MediumRough,0.0000,0.000,0.000,0.000,0.9000,0.7000,0.7000
,          35,CLEAR ACRYLIC PLASTIC,3.3333E-003,VerySmooth,3.0000E-003,0.900,0.000,0.000,0.9000,0.0000,0.0000
,          36,DIFFUSING ACRYLIC PLASTIC,2.4444E-003,VerySmooth,2.2000E-003,0.900,0.000,0.000,0.9000,0.0000,0.0000
,          37,GLASS_102_LAYERAVG,3.0480E-003,VerySmooth,3.0480E-003,1.000,0.000,0.000,0.8400,0.0000,0.0000
,          38,GAP_1_W_0_0120,0.0000,MediumRough,1.2000E-002,0.000,0.000,0.000,0.0000,0.0000,0.0000
,          39,INT_BLIND,0.0000,Rough,0.0000,0.000,0.000,0.000,0.0000,0.0000,0.0000


Material:Air

,,Material Name,ThermalResistance {m2-K/w}
,           1,AIR_4_IN_VERT,0.1585
,           2,AIR_4_IN_VERT,0.1585


Surface Geometry

,,Starting Corner,Vertex Input Direction,Coordinate System,Daylight Reference Point Coordinate System,Rectangular (Simple) Surface Coordinate System
,           1,LowerLeftCorner,Counterclockwise,RelativeCoordinateSystem,RelativeCoordinateSystem,RelativeToZoneOrigin


Other Side Coefficients

,,Name,Combined convective/radiative film coefficient {W/m2-K},User selected Constant Temperature {C},Coefficient modifying the constant temperature term,Coefficient modifying the external dry bulb temperature term,Coefficient modifying the ground temperature term,Coefficient modifying the wind speed term {s/m},Coefficient modifying the zone air temperature term,Constant Temperature Schedule Name,Sinusoidal Variation,Period of Sinusoidal Variation,Previous Other Side Temperature Coefficient,Minimum Other Side Temperature {C},Maximum Other Side Temperature {C}
,           1,SURFPROPOTHSDCOEFSLABAVERAGE,N/A,N/A,1.000,0.000,0.000,0.000,0.000,SCHEDULEOSCSLABAVERAGESURFACETEMP,NO,24.000,0.000,N/A,N/A
,           2,SURFPROPOTHSDCOEFSLABPERIMETER,N/A,N/A,1.000,0.000,0.000,0.000,0.000,SCHEDULEOSCSLABPERIMETERTEMP,NO,24.000,0.000,N/A,N/A
,           3,SURFPROPOTHSDCOEFSLABCORE,N/A,N/A,1.000,0.000,0.000,0.000,0.000,SCHEDULEOSCSLABCORETEMP,NO,24.000,0.000,N/A,N/A


Surface Heat Transfer Algorithm

,,Value {CTF - ConductionTransferFunction,Inside Surface Max Temperature Limit{C},Surface Convection Coefficient Lower Limit {W/m2-K},Surface Convection Coefficient Upper Limit {W/m2-K}
,,EMPD - MoisturePenetrationDepthConductionTransferFunction,,,
,,CondFD - ConductionFiniteDifference,,,
,,HAMT - CombinedHeatAndMoistureFiniteElement} - Description,,,
,           1,CTF - ConductionTransferFunction,200,0.10,1000.0


Shading Summary

,,Number of Fixed Detached Shades,Number of Building Detached Shades,Number of Attached Shades
,           1,0,0,4


Zone Summary

,,Number of Zones,Number of Zone Surfaces,Number of SubSurfaces
,           1,2,27,10


Zone Information

,,Zone Name,North Axis {deg},Origin X-Coordinate {m},Origin Y-Coordinate {m},Origin Z-Coordinate {m},Centroid X-Coordinate {m},Centroid Y-Coordinate {m},Centroid Z-Coordinate {m},Type,Zone Multiplier,Zone List Multiplier,Minimum X {m},Maximum X {m},Minimum Y {m},Maximum Y {m},Minimum Z {m},Maximum Z {m},Ceiling Height {m},Volume {m3},Zone Inside Convection Algorithm {Simple-Detailed-CeilingDiffuser-TrombeWall},Zone Outside Convection Algorithm {Simple-Detailed-Tarp-MoWitt-DOE-2-BLAST},Floor Area {m2},Exterior Gross Wall Area {m2},Exterior Net Wall Area {m2},Exterior Window Area {m2},Number of Surfaces,Number of SubSurfaces,Number of Shading SubSurfaces,Part of Total Building Area
,           1,LIVING_UNIT1,0.0,0.00,0.00,0.00,6.09,4.58,2.59,1,1,1,0.00,12.18,0.00,9.16,1.00E-003,5.18,3.89,476.12,TARP,DOE-2,223.05,221.17,180.56,33.17,11,10,4,Yes
,           2,ATTIC_UNIT1,0.0,0.00,0.00,0.00,6.09,4.58,5.58,1,1,1,0.00,12.18,0.00,9.16,5.18,6.71,0.76,85.05,TARP,DOE-2,111.52,13.97,13.97,0.00,5,0,0,Yes


Zone Internal Gains Nominal

,,Zone Name,Floor Area {m2},# Occupants,Area per Occupant {m2/person},Occupant per Area {person/m2},Interior Lighting {W/m2},Electric Load {W/m2},Gas Load {W/m2},Other Load {W/m2},Hot Water Eq {W/m2},Steam Equipment {W/m2},Sum Loads per Area {W/m2},Outdoor Controlled Baseboard Heat
,           1,LIVING_UNIT1,223.05,3.0,74.349,1.345E-002,2.571,5.121,1.411,0.000,0.000,0.000,9.103,No
,           2,ATTIC_UNIT1,111.52,0.0,N/A,0.000,0.000,0.000,0.000,0.000,0.000,0.000,0.000,No


People Internal Gains Nominal

,,Name,Schedule Name,Zone Name,Zone Floor Area {m2},# Zone Occupants,Number of People {},People/Floor Area {person/m2},Floor Area per person {m2/person},Fraction Radiant,Fraction Convected,Sensible Fraction Calculation,Activity level,ASHRAE 55 Warnings,Carbon Dioxide Generation Rate,Nominal Minimum Number of People,Nominal Maximum Number of People
,           1,PEOPLE_UNIT1,OCCUPANCY_SCH,LIVING_UNIT1,223.05,3.0,3.0,1.345E-002,74.349,0.000,1.000,AutoCalculate,ACTIVITY_SCH,No,3.8200E-008,1,3


Lights Internal Gains Nominal

,,Name,Schedule Name,Zone Name,Zone Floor Area {m2},# Zone Occupants,Lighting Level {W},Lights/Floor Area {W/m2},Lights per person {W/person},Fraction Return Air,Fraction Radiant,Fraction Short Wave,Fraction Convected,Fraction Replaceable,End-Use Category,Nominal Minimum Lighting Level {W},Nominal Maximum Lighting Level {W}
,           1,LIVING HARDWIRED LIGHTING1,LIGHTINGPROFILE,LIVING_UNIT1,223.05,3.0,458.699,2.057,152.900,0.000,0.600,0.200,0.200,0.000,General,28.669,458.699
,           2,LIVING PLUG-IN LIGHTING1,LIGHTINGPROFILE,LIVING_UNIT1,223.05,3.0,114.669,0.514,38.223,0.000,0.600,0.200,0.200,0.000,General,7.167,114.669


ElectricEquipment Internal Gains Nominal

,,Name,Schedule Name,Zone Name,Zone Floor Area {m2},# Zone Occupants,Equipment Level {W},Equipment/Floor Area {W/m2},Equipment per person {W/person},Fraction Latent,Fraction Radiant,Fraction Lost,Fraction Convected,End-Use SubCategory,Nominal Minimum Equipment Level {W},Nominal Maximum Equipment Level {W}
,           1,REFRIGERATOR1,REFRIGERATOR,LIVING_UNIT1,223.05,3.0,91.094,0.408,30.365,0.000,0.000,0.000,1.000,Appl,66.625,91.094
,           2,MISC ELEC LOAD1,MISCPLUGLOAD,LIVING_UNIT1,223.05,3.0,548.699,2.460,182.900,6.244E-002,0.412,0.251,0.275,Misc,283.690,548.699
,           3,CLOTHES WASHER1,CLOTHESWASHER,LIVING_UNIT1,223.05,3.0,29.582,0.133,9.861,0.000,0.480,0.200,0.320,Appl,0.000,29.582
,           4,CLOTHES DRYER1,CLOTHESDRYER,LIVING_UNIT1,223.05,3.0,222.113,0.996,74.038,5.000E-002,9.000E-002,0.800,6.000E-002,Appl,0.000,222.113
,           5,DISHWASHER1,DISHWASHER,LIVING_UNIT1,223.05,3.0,68.328,0.306,22.776,0.150,0.360,0.250,0.240,Appl,0.000,68.328
,           6,MISC ELEC LOAD21,ALWAYS_AVAIL,LIVING_UNIT1,223.05,3.0,182.522,0.818,60.841,6.244E-002,0.412,0.251,0.275,Misc,182.522,182.522


GasEquipment Internal Gains Nominal

,,Name,Schedule Name,Zone Name,Zone Floor Area {m2},# Zone Occupants,Equipment Level {W},Equipment/Floor Area {W/m2},Equipment per person {W/person},Fraction Latent,Fraction Radiant,Fraction Lost,Fraction Convected,End-Use SubCategory,Nominal Minimum Equipment Level {W},Nominal Maximum Equipment Level {W}
,           1,COOKING RANGE1,COOKINGRANGE,LIVING_UNIT1,223.05,3.0,248.498,1.114,82.833,0.300,0.240,0.300,0.160,Appl,5.851,248.498
,           2,MISC GAS LOAD1,MISCPLUGLOAD,LIVING_UNIT1,223.05,3.0,66.245,0.297,22.082,6.244E-002,0.412,0.251,0.275,Misc,34.250,66.245


Construction CTF

,,Construction Name,Index,#Layers,#CTFs,Time Step {hours},ThermalConductance {w/m2-K},OuterThermalAbsorptance,InnerThermalAbsorptance,OuterSolarAbsorptance,InnerSolarAbsorptance,Roughness
,           1,INTERIORFURNISHINGS,1,1,7,0.250,0.8000,0.900,0.900,0.700,0.700,MediumSmooth
,           2,EXTERIOR FLOOR,3,3,6,0.250,1.504,0.900,0.900,0.700,0.700,Rough
,           3,INTERIOR FLOOR,4,2,3,0.250,1.702,0.900,0.900,0.700,0.700,Rough
,           4,EXTERIOR WALL,5,6,10,0.250,0.5349,0.900,0.900,0.700,0.700,MediumSmooth
,           5,INTERIOR CEILING,6,2,8,0.250,0.1909,0.900,0.900,0.700,0.700,Rough
,           6,ATTIC FLOOR,7,2,8,0.250,0.1909,0.900,0.900,0.700,0.700,MediumSmooth
,           7,EXTERIOR ROOF,11,2,3,0.250,5.358,0.900,0.900,0.750,0.700,MediumRough
,           8,EXTERIOR DOOR,12,1,5,0.250,2.271,0.900,0.900,0.700,0.700,Smooth
,           9,GABLE_END,14,5,5,0.250,2.481,0.900,0.900,0.700,0.700,MediumSmooth


Material CTF Summary

,,Material Name,Thickness {m},Conductivity {w/m-K},Density {kg/m3},Specific Heat {J/kg-K},ThermalResistance {m2-K/w}
,           1,STD WOOD 6INCH,0.1500,0.120,540.000,1210.000,1.250
,           2,CONCRETE_4IN,0.1015,1.312,2242.800,465.200,0.7736E-01
,           3,PLYWOOD_3/4IN,0.0191,0.115,544.680,674.540,0.1650
,           4,CARPET_N_PAD,0.0254,0.060,32.037,836.800,0.4224
,           5,PLYWOOD_3/4IN,0.0191,0.115,544.680,674.540,0.1650
,           6,CARPET_N_PAD,0.0254,0.060,32.037,836.800,0.4224
,           7,STUCCO_1IN,0.0254,1.399,1922.214,878.640,0.1816E-01
,           8,BLDG_PAPER_FELT,0.0000,0.000,0.000,0.000,0.1057E-01
,           9,SHEATHING_CONSOL_LAYER,0.0127,0.094,685.008,1172.332,0.1351
,          10,OSB_5/8IN,0.0159,0.116,544.627,1213.360,0.1365
,          11,WALL_CONSOL_LAYER,0.0889,0.060,120.801,1036.258,1.490
,          12,DRYWALL_1/2IN,0.0127,0.160,800.923,1087.840,0.7933E-01
,          13,CEIL_CONSOL_LAYER,0.3184,0.062,41.929,776.251,5.160
,          14,DRYWALL_1/2IN,0.0127,0.160,800.923,1087.840,0.7933E-01
,          15,DRYWALL_1/2IN,0.0127,0.160,800.923,1087.840,0.7933E-01
,          16,CEIL_CONSOL_LAYER,0.3184,0.062,41.929,776.251,5.160
,          17,ASPHALT_SHINGLE,0.0063,0.082,1121.292,1255.200,0.7745E-01
,          18,OSB_1/2IN,0.0127,0.116,544.627,1213.360,0.1092
,          19,DOOR_CONST,0.0317,0.072,512.640,767.580,0.4402
,          20,STUCCO_1IN,0.0254,1.399,1922.214,878.640,0.1816E-01
,          21,BLDG_PAPER_FELT,0.0000,0.000,0.000,0.000,0.1057E-01
,          22,OSB_5/8IN,0.0159,0.116,544.627,1213.360,0.1365
,          23,DRYWALL_1/2IN,0.0127,0.160,800.923,1087.840,0.7933E-01


Material:Air

,,Material Name,ThermalResistance {m2-K/w}
,           1,AIR_4_IN_VERT,0.1585
,           2,AIR_4_IN_VERT,0.1585


CTF

,,Time,Outside,Cross,Inside,Flux (except final one)
,           1,7,-0.19879948E-01,0.18371110E-08,-0.19879948E-01,0.25920384E-02
,           2,6,0.37833182,0.93111392E-06,0.37833182,-0.50805208E-01
,           3,5,-2.8822885,0.33090332E-04,-2.8822885,0.40100636
,           4,4,11.391948,0.23980383E-03,11.391948,-1.6521297
,           5,3,-25.286828,0.46344169E-03,-25.286828,3.8446603
,           6,2,31.657742,0.23933549E-03,31.657742,-5.0707043
,           7,1,-20.807361,0.25331892E-04,-20.807361,3.5241279
,           8,0,5.5693388,0.18852057E-06,5.5693388,
,           9,6,0.74921699E-09,0.86927665E-10,0.17533072E-08,-0.32566346E-13
,          10,5,-0.32355617E-04,0.12204676E-05,-0.12444717E-04,0.71291887E-08
,          11,4,0.37627934E-01,0.69192974E-03,0.27427312E-02,-0.49668363E-04
,          12,3,-2.1380985,0.29043558E-01,-0.94878319E-01,0.98293234E-02
,          13,2,22.825869,0.14457063,0.91470560,-0.20429039
,          14,1,-59.723197,0.90586322E-01,-2.7635165,1.0163586
,          15,0,39.265826,0.31008709E-02,2.2089534,
,          16,3,-0.21260425E-07,0.49822955E-08,-0.13883007E-07,0.11425730E-18
,          17,2,0.11625382,0.10663279E-01,0.24913590E-01,-0.65967067E-07
,          18,1,-5.6903370,0.76350664,-0.70509535,0.99684103E-01
,          19,0,7.1067848,0.75853168,2.2128834,
,          20,10,0.40446949E-11,-0.94056331E-13,0.87897760E-12,-0.13875673E-15
,          21,9,-0.55247056E-08,0.19405210E-11,-0.13812707E-08,0.41300403E-12
,          22,8,0.26508500E-05,0.37595913E-08,0.63430316E-06,-0.66649396E-09
,          23,7,-0.44828904E-03,0.11508767E-05,-0.97730045E-04,0.26940919E-06
,          24,6,0.29523126E-01,0.84202908E-04,0.62451818E-02,-0.31910826E-04
,          25,5,-0.79759820,0.16746173E-02,-0.17584806,0.14711300E-02
,          26,4,9.4650319,0.95265056E-02,2.1667979,-0.28959914E-01
,          27,3,-49.848913,0.14992926E-01,-11.944718,0.25979917
,          28,2,118.35562,0.54945344E-02,29.285281,-1.0490449
,          29,1,-125.54763,0.27269856E-03,-31.728635,1.7568491
,          30,0,48.376458,0.13745289E-06,12.423020,
,          31,8,0.39858712E-16,-0.60703641E-15,0.44575752E-11,-0.31464477E-16
,          32,7,-0.12906309E-10,0.45633050E-12,-0.70314987E-03,0.86915624E-11
,          33,6,0.51771860E-03,0.70278407E-07,0.55448162E-01,-0.34864979E-03
,          34,5,-0.15634073E-01,0.16098653E-04,-0.98189965,0.10852904E-01
,          35,4,0.17334830,0.37893285E-03,7.1144607,-0.12559161
,          36,3,-0.88290939,0.17968871E-02,-24.792307,0.67928234
,          37,2,2.1526082,0.19429584E-02,43.586883,-1.7947304
,          38,1,-2.4008793,0.39217540E-03,-37.089760,2.2067899
,          39,0,0.97748100,0.53701503E-05,12.112410,
,          40,8,0.44575752E-11,-0.60703641E-15,0.39858712E-16,-0.31464477E-16
,          41,7,-0.70314987E-03,0.45633050E-12,-0.12906309E-10,0.86915624E-11
,          42,6,0.55448162E-01,0.70278407E-07,0.51771860E-03,-0.34864979E-03
,          43,5,-0.98189965,0.16098653E-04,-0.15634073E-01,0.10852904E-01
,          44,4,7.1144607,0.37893285E-03,0.17334830,-0.12559161
,          45,3,-24.792307,0.17968871E-02,-0.88290939,0.67928234
,          46,2,43.586883,0.19429584E-02,2.1526082,-1.7947304
,          47,1,-37.089760,0.39217540E-03,-2.4008793,2.2067899
,          48,0,12.112410,0.53701503E-05,0.97748100,
,          49,3,-0.29555724E-05,0.78471552E-06,-0.19777018E-05,0.68642314E-15
,          50,2,0.15293305,0.50483289E-01,0.12822325,-0.22743170E-05
,          51,1,-7.5337739,2.6090217,-5.6395048,0.62817353E-01
,          52,0,12.401978,2.3616280,10.532417,
,          53,5,-0.37152786E-15,0.35593982E-15,-0.37150719E-15,-0.34690068E-20
,          54,4,0.12378952E-07,0.96010384E-08,0.12378952E-07,-0.88138091E-13
,          55,3,-0.64219729E-03,0.41798625E-03,-0.64219729E-03,0.29852614E-06
,          56,2,0.29525573,0.13271291,0.29525573,-0.23139616E-02
,          57,1,-4.4417260,1.1371711,-4.4417260,0.24376308
,          58,0,5.8701146,0.45270019,5.8701146,
,          59,5,-0.59470733E-08,0.95276908E-10,-0.15572152E-08,0.87381576E-16
,          60,4,0.16814618E-02,0.27700627E-04,0.39213300E-03,-0.91690573E-09
,          61,3,-0.32897888,0.19509570E-01,-0.78501018E-01,0.22398446E-03
,          62,2,10.622652,0.50039832,2.5977483,-0.18227734E-01
,          63,1,-56.975884,1.0576328,-13.096069,0.33269553
,          64,0,48.380819,0.12272078,12.276719,


WindowConstruction

,,Construction Name,Index,#Layers,Roughness,Conductance {W/m2-K},SHGC,Solar Transmittance at Normal Incidence,Visible Transmittance at Normal Incidence
,           1,TDD DOME,19,1,VerySmooth,6.082,0.929,0.920,0.920
,           2,TDD DIFFUSER,20,1,VerySmooth,6.115,0.906,0.900,0.900
,           3,EXTERIOR WINDOW,21,3,VerySmooth,2.744,0.764,0.706,0.798


WindowMaterial:Glazing

,,Material Name,Optical Data Type,Spectral Data Set Name,Thickness {m},Solar Transmittance,Front Solar Reflectance,Back Solar Reflectance,Visible Transmittance,Front Visible Reflectance,Back Visible Reflectance,Infrared Transmittance,Front Thermal Emissivity,Back Thermal Emissivity,Conductivity {W/m-K},Dirt Factor,Solar Diffusing
,           1,CLEAR ACRYLIC PLASTIC,SpectralAverage,,3.00000E-003,0.92000,5.00000E-002,5.00000E-002,0.92000,5.00000E-002,5.00000E-002,0.00000,0.90000,0.90000,0.90000,1.00000,No
,           2,DIFFUSING ACRYLIC PLASTIC,SpectralAverage,,2.20000E-003,0.90000,8.00000E-002,8.00000E-002,0.90000,8.00000E-002,8.00000E-002,0.00000,0.90000,0.90000,0.90000,1.00000,No
,           3,W5:EXTERIOR WINDOW:GLASS1,SpectralAverage,,2.80000E-003,0.84100,7.80000E-002,7.80000E-002,0.89000,8.60000E-002,8.60000E-002,0.00000,0.84000,0.84000,1.00000,1.00000,No
,           4,W5:EXTERIOR WINDOW:GLASS2,SpectralAverage,,2.80000E-003,0.83400,7.80000E-002,7.80000E-002,0.89000,8.60000E-002,8.60000E-002,0.00000,0.84000,0.84000,1.00000,1.00000,No


WindowMaterial:Gas

,,Material Name,GasType,Thickness {m}
,           1,W5:EXTERIOR WINDOW:GAP1,Custom,1.200E-002


Shadowing/Sun Position Calculations Annual Simulations

,,Calculation Method,Value {days},Allowable Number Figures in Shadow Overlap {},Polygon Clipping Algorithm,Sky Diffuse Modeling Algorithm,External Shading Calculation Method,Output External Shading Calculation Results,Disable Self-Shading Within Shading Zone Groups,Disable Self-Shading From Shading Zone Groups to Other Zones
,           1,AverageOverDaysInFrequency,20,15000,SutherlandHodgman,SimpleSkyDiffuseModeling,InternalCalculation,No,No,No


Water Heater Information

,,Type,Name,Volume {m3},Maximum Capacity {W},Standard Rated Recovery Efficiency,Standard Rated Energy Factor
,           1,WaterHeater:Mixed,WATER HEATER_UNIT1,0.1514,11137.8,1.272,0.5619


ZoneInfiltration Airflow Stats Nominal

,,Name,Schedule Name,Zone Name,Zone Floor Area {m2},# Zone Occupants,Design Volume Flow Rate {m3/s},Volume Flow Rate/Floor Area {m3/s/m2},Volume Flow Rate/Exterior Surface Area {m3/s/m2},ACH - Air Changes per Hour,Equation A - Constant Term Coefficient {},Equation B - Temperature Term Coefficient {1/C},Equation C - Velocity Term Coefficient {s/m},Equation D - Velocity Squared Term Coefficient {s2/m2}
,           1,LIVING_SHERMANGRIMSRUD_UNIT1,ALWAYS_AVAIL,LIVING_UNIT1,223.05,3.0,0.000,0.000,0.000,0.000,0.000,0.000,0.000,0.000
,           2,ATTICVENT_UNIT1,ALWAYS_AVAIL,ATTIC_UNIT1,111.52,0.0,0.000,0.000,0.000,0.000,0.000,0.000,0.000,0.000


ZoneVentilation Airflow Stats Nominal

,,Name,Schedule Name,Zone Name,Zone Floor Area {m2},# Zone Occupants,Design Volume Flow Rate {m3/s},Volume Flow Rate/Floor Area {m3/s/m2},Volume Flow Rate/person Area {m3/s/person},ACH - Air Changes per Hour,Fan Type {Exhaust;Intake;Natural},Fan Pressure Rise {Pa},Fan Efficiency {},Equation A - Constant Term Coefficient {},Equation B - Temperature Term Coefficient {1/C},Equation C - Velocity Term Coefficient {s/m},Equation D - Velocity Squared Term Coefficient {s2/m2},Minimum Indoor Temperature{C}/Schedule,Maximum Indoor Temperature{C}/Schedule,Delta Temperature{C}/Schedule,Minimum Outdoor Temperature{C}/Schedule,Maximum Outdoor Temperature{C}/Schedule,Maximum WindSpeed{m/s}
,           1,VENTILATION_UNIT1,ALWAYS_AVAIL,LIVING_UNIT1,223.05,3.0,2.834E-002,1.270E-004,9.446E-003,0.214,Exhaust,0.000,1.0,1.000,0.000,0.000,0.000,-100.00,100.00,-100.00,-100.00,100.00,40.00


AirFlow Model

,,Simple
,           1,Simple


RoomAir Model

,,Zone Name,Mixing/Mundt/UCSDDV/UCSDCV/UCSDUFI/UCSDUFE/User Defined
,           1,LIVING_UNIT1,Mixing/Well-Stirred
,           2,ATTIC_UNIT1,Mixing/Well-Stirred


AirflowNetwork Model:Control

,,No Multizone or Distribution/Multizone with Distribution/Multizone without Distribution/Multizone with Distribution only during Fan Operation
,           1,NoMultizoneOrDistribution


Zone Volume Capacitance Multiplier

,,Sensible Heat Capacity Multiplier,Moisture Capacity Multiplier,Carbon Dioxide Capacity Multiplier,Generic Contaminant Capacity Multiplier
,           1,1.000,1.000,1.000,1.000


Load Timesteps in Zone Design Calculation Averaging Window

,,Value
,           1,4


Heating Sizing Factor Information

,,Sizing Factor ID,Value
,           1,Global,1.0000


Cooling Sizing Factor Information

,,Sizing Factor ID,Value
,           1,Global,1.0000


Zone Sizing Information

,,Zone Name,Load Type,Calc Des Load {W},User Des Load {W},Calc Des Air Flow Rate {m3/s},User Des Air Flow Rate {m3/s},Design Day Name,Date/Time of Peak,Temperature at Peak {C},Humidity Ratio at Peak {kgWater/kgDryAir},Floor Area {m2},# Occupants,Calc Outdoor Air Flow Rate {m3/s},Calc DOAS Heat Addition Rate {W}
,           1,LIVING_UNIT1,Cooling,10450.53998,10450.53998,0.71661,0.71661,SACRAMENTO METROPOLITAN AP ANN CLG .4% CONDNS DB=>MWB,7/21 16:45:00,35.86400,9.32033E-003,223.04833,3.00000,0.00000,0.00000
,           2,LIVING_UNIT1,Heating,6489.10453,6489.10453,0.19022,0.19022,SACRAMENTO METROPOLITAN AP ANN HTG 99.6% CONDNS DB,12/21 15:00:00,-0.30000,3.68464E-003,223.04833,3.00000,0.00000,0.00000


System Sizing Information

,,System Name,Load Type,Peak Load Kind,User Design Capacity,Calc Des Air Flow Rate [m3/s],User Des Air Flow Rate [m3/s],Design Day Name,Date/Time of Peak
,           1,CENTRAL SYSTEM_UNIT1,Cooling,Sensible,10298.32,0.71661,0.71661,SACRAMENTO METROPOLITAN AP ANN CLG .4% CONDNS DB=>MWB,7/21 00:00:00
,           2,CENTRAL SYSTEM_UNIT1,Heating,Sensible,6394.58,0.19022,0.19022,SACRAMENTO METROPOLITAN AP ANN HTG 99.6% CONDNS DB,12/21 15:00:00


Component Sizing Information

,,Component Type,Component Name,Input Field Description,Value
,           1,AirTerminal:SingleDuct:Uncontrolled,ZONEDIRECTAIR_UNIT1,Design Size Maximum Air Flow Rate [m3/s],0.71661
,           2,AirLoopHVAC,CENTRAL SYSTEM_UNIT1,Sum of Air Terminal Maximum Heating Flow Rates [m3/s],0.71661
,           3,AirLoopHVAC,CENTRAL SYSTEM_UNIT1,Sum of Air Terminal Minimum Heating Flow Rates [m3/s],0.71661
,           4,AirLoopHVAC,CENTRAL SYSTEM_UNIT1,Sum of Air Terminal Maximum Flow Rates [m3/s],0.71661
,           5,AirLoopHVAC,CENTRAL SYSTEM_UNIT1,Adjusted Heating Design Air Flow Rate [m3/s],0.71661
,           6,AirLoopHVAC,CENTRAL SYSTEM_UNIT1,Adjusted Cooling Design Air Flow Rate [m3/s],0.71661
,           7,AirLoopHVAC,CENTRAL SYSTEM_UNIT1,Adjusted Main Design Air Flow Rate [m3/s],0.71661
,           8,AirLoopHVAC,CENTRAL SYSTEM_UNIT1,User Heating Air Flow Ratio [],1.00000
,           9,AirLoopHVAC,CENTRAL SYSTEM_UNIT1,Calculated Heating Air Flow Ratio [],1.00000
,          10,AirLoopHVAC,CENTRAL SYSTEM_UNIT1,Design Supply Air Flow Rate [m3/s],0.71661
,          11,Coil:Cooling:DX:SingleSpeed,DX COOLING COIL_UNIT1,Design Size Rated Air Flow Rate [m3/s],0.71661
,          12,Coil:Cooling:DX:SingleSpeed,DX COOLING COIL_UNIT1,Design Size Gross Rated Total Cooling Capacity [W],12403.42319
,          13,Coil:Cooling:DX:SingleSpeed,DX COOLING COIL_UNIT1,Design Size Gross Rated Sensible Heat Ratio,0.80062
,          14,AirLoopHVAC:UnitaryHeatCool,ACANDF_UNIT1,Supply Air Flow Rate [m3/s],0.71661
,          15,AirLoopHVAC:UnitaryHeatCool,ACANDF_UNIT1,Supply Air Flow Rate During Heating Operation [m3/s],0.71661
,          16,AirLoopHVAC:UnitaryHeatCool,ACANDF_UNIT1,Supply Air Flow Rate During Cooling Operation [m3/s],0.71661
,          17,AirLoopHVAC:UnitaryHeatCool,ACANDF_UNIT1,Nominal Heating Capacity [W],6394.58492
,          18,AirLoopHVAC:UnitaryHeatCool,ACANDF_UNIT1,Nominal Cooling Capacity [W],12403.42319
,          19,AirLoopHVAC:UnitaryHeatCool,ACANDF_UNIT1,Fraction of Supply Air Flow That Goes Through the Controlling Zone,1.00000
,          20,Fan:OnOff,SUPPLY FAN_UNIT1,Design Size Maximum Flow Rate [m3/s],0.71661
,          21,Coil:Heating:Fuel,MAIN GAS HEATING COIL_UNIT1,Design Size Nominal Capacity [W],6394.58492
,          22,PlantLoop,DHW LOOP_UNIT1,Maximum Loop Flow Rate [m3/s],9.13428E-006
,          23,PlantLoop,DHW LOOP_UNIT1,Plant Loop Volume [m3],1.09611E-003
,          24,Pump:VariableSpeed,MAINS PRESSURE_UNIT1,Design Flow Rate [m3/s],9.13428E-006
,          25,WaterHeater:Mixed,WATER HEATER_UNIT1,Maximum Heater Capacity [W],11137.80000
,          26,WaterHeater:Mixed,WATER HEATER_UNIT1,Use Side Design Flow Rate [m3/s],9.13428E-006


DX Cooling Coil Standard Rating Information

,,Component Type,Component Name,Standard Rating (Net) Cooling Capacity {W},Standard Rated Net COP {W/W},EER {Btu/W-h},SEER {Btu/W-h},IEER {Btu/W-h}
,           1,Coil:Cooling:DX:SingleSpeed,DX COOLING COIL_UNIT1,11847.5,3.22,10.99,11.64,11.23


Environment

,,Environment Name,Environment Type,Start Date,End Date,Start DayOfWeek,Duration {#days},Source:Start DayOfWeek,Use Daylight Saving,Use Holidays,Apply Weekend Holiday Rule,Use Rain Values,Use Snow Values
,           1,SACRAMENTO METROPOLITAN AP ANN HTG 99.6% CONDNS DB,SizingPeriod:DesignDay,12/21,12/21,WinterDesignDay,1,N/A,N/A,N/A,N/A,N/A,N/A
,           2,SACRAMENTO METROPOLITAN AP ANN CLG .4% CONDNS DB=>MWB,SizingPeriod:DesignDay,07/21,07/21,SummerDesignDay,1,N/A,N/A,N/A,N/A,N/A,N/A
,           3,ANNUAL,WeatherFileRunPeriod,01/01/2017,12/31/2017,Sunday,365,Use RunPeriod Specified Day,Yes,Yes,No,Yes,Yes


Environment:Daylight Saving

,,Daylight Saving Indicator,Source,Start Date,End Date
,           1,No,SizingPeriod:DesignDay,,
,           2,No,SizingPeriod:DesignDay,,
,           3,No,,,


Environment:WarmupDays

,,NumberofWarmupDays
,           1,6
,           2,6
,           3,6


Environment:Design Day Data

,,Max Dry-Bulb Temp {C},Temp Range {dC},Temp Range Ind Type,Hum Ind Value at Max Temp,Hum Ind Type,Pressure {Pa},Wind Direction {deg CW from N},Wind Speed {m/s},Clearness,Rain,Snow
,           1,-0.30,0.00,DefaultMultipliers,101241,320,1.4,0.00,No,No,,
,           2,38.00,17.80,DefaultMultipliers,101241,180,2.9,1.00,No,No,,


Environment:Design Day Misc

,,DayOfYear,ASHRAE A Coeff,ASHRAE B Coeff,ASHRAE C Coeff,Solar Constant-Annual Variation,Eq of Time {minutes},Solar Declination Angle {deg},Solar Model
,           1,355,1232.8,0.1424,5.7719E-002,1.0,2.45,-23.5,ASHRAEClearSky
,           2,202,1084.4,0.2082,0.1365,1.0,-6.23,20.6,ASHRAEClearSky


Tabular Report

,,Style,Unit Conversion
,           1,Commaandxml,commaandxml


Warmup Convergence Information

,,Zone Name,Environment Type/Name,Average Warmup Temperature Difference {deltaC},Std Dev Warmup Temperature Difference {deltaC},Max Temperature Pass/Fail Convergence,Min Temperature Pass/Fail Convergence,Average Warmup Load Difference {W},Std Dev Warmup Load Difference {W},Heating Load Pass/Fail Convergence,Cooling Load Pass/Fail Convergence
,           1,LIVING_UNIT1,SizingPeriod: SACRAMENTO METROPOLITAN AP ANN HTG 99.6% CONDNS DB,8.3599793754E-014,6.3509318076E-014,Pass,Pass,3.2680689176E-003,5.2494647366E-003,Pass,Pass
,           2,ATTIC_UNIT1,SizingPeriod: SACRAMENTO METROPOLITAN AP ANN HTG 99.6% CONDNS DB,2.6754915265E-004,2.1422473150E-004,Pass,Pass,0.0000000000,0.0000000000,Pass,Pass
,           3,LIVING_UNIT1,SizingPeriod: SACRAMENTO METROPOLITAN AP ANN CLG .4% CONDNS DB=>MWB,4.7562992297E-003,1.3089504578E-002,Pass,Pass,9.6023475727E-002,0.1107688874,Pass,Pass
,           4,ATTIC_UNIT1,SizingPeriod: SACRAMENTO METROPOLITAN AP ANN CLG .4% CONDNS DB=>MWB,0.9527648521,0.7268763416,Pass,Pass,0.0000000000,0.0000000000,Pass,Pass
,           5,LIVING_UNIT1,RunPeriod: ANNUAL,1.0005637873E-002,2.9220978139E-002,Pass,Pass,8.1595402119E-002,0.1464644434,Pass,Pass
,           6,ATTIC_UNIT1,RunPeriod: ANNUAL,0.4887803434,0.4186443738,Pass,Pass,0.0000000000,0.0000000000,Pass,Pass


----------------------------------------------------------------------------------------------------
REPORT:,Climatic Data Summary
FOR:,Entire Facility
SizingPeriod:DesignDay

,,Maximum Dry Bulb [C],Daily Temperature Range [deltaC],Humidity Value,Humidity Type,Wind Speed [m/s],Wind Direction
,SACRAMENTO METROPOLITAN AP ANN HTG 99.6% CONDNS DB,-0.30,0.00,-0.30,Wetbulb [C],1.40,320.00
,SACRAMENTO METROPOLITAN AP ANN CLG .4% CONDNS DB=>MWB,38.00,17.80,21.50,Wetbulb [C],2.90,180.00


Weather Statistics File

,,Value
,Reference,ITA_Roma-Fiumicino.162420_IGDG
,Site:Location,Roma-Fiumicino - ITA
,Latitude,{N 41 47'}
,Longitude,{E  12 13'}
,Time Zone,{GMT +1.0 Hours}
,Elevation (m) above sea level,3
,Standard Pressure at Elevation,101289Pa
,Data Source,IGDG
,WMO Station,162420
,Weather File Design Conditions,Climate Design Data 2009 ASHRAE Handbook
,Heating Design Temperature 99.6% (C),-0.8
,Heating Design Temperature 99% (C),0.7
,Cooling Design Temperature 0.4% (C),31
,Cooling Design Temperature 1% (C),30
,Cooling Design Temperature 2% (C),29
,Maximum Dry Bulb Temperature (C),31.2
,Maximum Dry Bulb Occurs on,Jun 28
,Minimum Dry Bulb Temperature (C),-4.2
,Minimum Dry Bulb Occurs on,Dec 29
,Maximum Dew Point Temperature (C),24.8
,Maximum Dew Point Occurs on,Aug  6
,Minimum Dew Point Temperature (C),-15.3
,Minimum Dew Point Occurs on,Mar 12
,ASHRAE Handbook 2009  Cooling Degree-Days (base 10C),2273
,Weather File Cooling Degree-Days (base 10C),2174
,ASHRAE Handbook 2009 Heating Degree-Days (base 18.3C),1525
,Weather File Heating Degree-Days (base 18C),1514
,Kppen Classification,Cfa
,Kppen Description,Humid subtropical (mild with no dry season, hot summer, lat. 20-35N)
,Kppen Recommendation,
,ASHRAE Climate Zone,3C
,ASHRAE Description,Warm-Marine


----------------------------------------------------------------------------------------------------
REPORT:,Envelope Summary
FOR:,Entire Facility
Opaque Exterior

,,Construction,Reflectance,U-Factor with Film [W/m2-K],U-Factor no Film [W/m2-K],Gross Area [m2],Net Area [m2],Azimuth [deg],Tilt [deg],Cardinal Direction
,WALL_LDF_1.UNIT1,EXTERIOR WALL,0.30,0.495,0.535,31.56,25.02,180.00,90.00,S
,WALL_SDR_1.UNIT1,EXTERIOR WALL,0.30,0.495,0.535,23.73,19.14,90.00,90.00,E
,WALL_LDB_1.UNIT1,EXTERIOR WALL,0.30,0.495,0.535,31.56,25.02,0.00,90.00,N
,WALL_SDL_1.UNIT1,EXTERIOR WALL,0.30,0.495,0.535,23.73,19.14,270.00,90.00,W
,WALL_LDF_2.UNIT1,EXTERIOR WALL,0.30,0.495,0.535,31.56,26.97,180.00,90.00,S
,WALL_SDR_2.UNIT1,EXTERIOR WALL,0.30,0.495,0.535,23.73,19.14,90.00,90.00,E
,WALL_LDB_2.UNIT1,EXTERIOR WALL,0.30,0.495,0.535,31.56,26.97,0.00,90.00,N
,WALL_SDL_2.UNIT1,EXTERIOR WALL,0.30,0.495,0.535,23.73,19.14,270.00,90.00,W
,ROOF_RIGHT_UNIT1,GABLE_END,0.30,1.809,2.481,6.98,6.98,90.00,90.00,E
,ROOF_LEFT_UNIT1,GABLE_END,0.30,1.809,2.481,6.98,6.98,270.00,90.00,W
,ROOF_FRONT_UNIT1,EXTERIOR ROOF,0.25,3.086,5.358,58.77,58.77,180.00,18.42,
,ROOF_BACK_UNIT1,EXTERIOR ROOF,0.25,3.086,5.358,58.77,58.77,0.00,18.42,


Exterior Fenestration

,,Construction,Glass Area [m2],Frame Area [m2],Divider Area [m2],Area of One Opening [m2],Area of Multiplied Openings [m2],Glass U-Factor [W/m2-K],Glass SHGC,Glass Visible Transmittance,Frame Conductance [W/m2-K],Divider Conductance [W/m2-K],Shade Control,Parent Surface,Azimuth [deg],Tilt [deg],Cardinal Direction
,WINDOW_LDF_1.UNIT1,EXTERIOR WINDOW,4.15,0.44,0.00,4.59,4.59,2.744,0.764,0.798,30.220,0.000,No,WALL_LDF_1.UNIT1,180.00,90.00,S
,WINDOW_SDR_1.UNIT1,EXTERIOR WINDOW,4.15,0.44,0.00,4.59,4.59,2.744,0.764,0.798,30.220,0.000,No,WALL_SDR_1.UNIT1,90.00,90.00,E
,WINDOW_LDB_1.UNIT1,EXTERIOR WINDOW,4.15,0.44,0.00,4.59,4.59,2.744,0.764,0.798,30.220,0.000,No,WALL_LDB_1.UNIT1,0.00,90.00,N
,WINDOW_SDL_1.UNIT1,EXTERIOR WINDOW,4.15,0.44,0.00,4.59,4.59,2.744,0.764,0.798,30.220,0.000,No,WALL_SDL_1.UNIT1,270.00,90.00,W
,WINDOW_LDF_2.UNIT1,EXTERIOR WINDOW,4.15,0.44,0.00,4.59,4.59,2.744,0.764,0.798,30.220,0.000,No,WALL_LDF_2.UNIT1,180.00,90.00,S
,WINDOW_SDR_2.UNIT1,EXTERIOR WINDOW,4.15,0.44,0.00,4.59,4.59,2.744,0.764,0.798,30.220,0.000,No,WALL_SDR_2.UNIT1,90.00,90.00,E
,WINDOW_LDB_2.UNIT1,EXTERIOR WINDOW,4.15,0.44,0.00,4.59,4.59,2.744,0.764,0.798,30.220,0.000,No,WALL_LDB_2.UNIT1,0.00,90.00,N
,WINDOW_SDL_2.UNIT1,EXTERIOR WINDOW,4.15,0.44,0.00,4.59,4.59,2.744,0.764,0.798,30.220,0.000,No,WALL_SDL_2.UNIT1,270.00,90.00,W
,Total or Average,,,,,,36.71,2.744,0.764,0.798,,,,,,,
,North Total or Average,,,,,,9.18,2.744,0.764,0.798,,,,,,,
,Non-North Total or Average,,,,,,27.53,2.744,0.764,0.798,,,,,,,


Interior Fenestration

,,Construction,Area of One Opening [m2],Area of Openings [m2],Glass U-Factor [W/m2-K],Glass SHGC,Glass Visible Transmittance,Parent Surface
,Total or Average,,,0.00,-,-,-,


Exterior Door

,,Construction,U-Factor with Film [W/m2-K],U-Factor no Film [W/m2-K],Gross Area [m2],Parent Surface
,DOOR_LDF_UNIT1,EXTERIOR DOOR,1.695,2.271,1.95,WALL_LDF_1.UNIT1
,DOOR_LDB_UNIT1,EXTERIOR DOOR,1.695,2.271,1.95,WALL_LDB_1.UNIT1


----------------------------------------------------------------------------------------------------
REPORT:,Shading Summary
FOR:,Entire Facility
Sunlit Fraction

,,March 21 9am,March 21 noon,March 21 3pm,June 21 9am,June 21 noon,June 21 3pm,December 21 9am,December 21 noon,December 21 3pm
,WINDOW_LDF_1.UNIT1,1.00,1.00,1.00,1.00,1.00,1.00,1.00,1.00,1.00
,WINDOW_SDR_1.UNIT1,0.99,0.93,0.00,0.99,0.81,0.00,1.00,0.85,0.00
,WINDOW_LDB_1.UNIT1,0.00,0.00,0.00,0.00,0.00,0.00,0.00,0.00,0.00
,WINDOW_SDL_1.UNIT1,0.00,0.00,1.00,0.00,0.00,1.00,0.00,0.00,1.00
,WINDOW_LDF_2.UNIT1,1.00,1.00,1.00,1.00,1.00,1.00,1.00,1.00,1.00
,WINDOW_SDR_2.UNIT1,0.99,0.93,0.00,0.99,0.81,0.00,1.00,0.85,0.00
,WINDOW_LDB_2.UNIT1,0.00,0.00,0.00,0.00,0.00,0.00,0.00,0.00,0.00
,WINDOW_SDL_2.UNIT1,0.00,0.00,1.00,0.00,0.00,1.00,0.00,0.00,1.00


Window Control

,,Name,Type,Shaded Construction,Control,Glare Control
,None,,,,,


----------------------------------------------------------------------------------------------------
REPORT:,Lighting Summary
FOR:,Entire Facility
Interior Lighting

,,Zone,Lighting Power Density [W/m2],Zone Area [m2],Total Power [W],End Use Subcategory,Schedule Name,Scheduled Hours/Week [hr],Hours/Week > 1% [hr],Full Load Hours/Week [hr],Return Air Fraction,Conditioned (Y/N),Consumption [GJ]
,LIVING HARDWIRED LIGHTING1,LIVING_UNIT1,2.0565,223.05,458.70,General,LIGHTINGPROFILE,54.69,168.00,54.69,0.0000,Y,4.71
,LIVING PLUG-IN LIGHTING1,LIVING_UNIT1,0.5141,223.05,114.67,General,LIGHTINGPROFILE,54.69,168.00,54.69,0.0000,Y,1.18
,Interior Lighting Total,,1.2853,446.10,573.37,,,,,,,,5.89


Daylighting

,,Zone,Control Name,Daylighting Method,Control Type,Fraction Controlled,Lighting Installed in Zone [W],Lighting Controlled [W]
,None,,,,,,,


Exterior Lighting

,,Total Watts,Astronomical Clock/Schedule,Schedule Name,Scheduled Hours/Week [hr],Hours/Week > 1% [hr],Full Load Hours/Week [hr],Consumption [GJ]
,EXTERIOR-LIGHTS,79.50,Schedule,EXTERIORLIGHTINGPROFILE,84.00,84.00,84.00,1.25
,GARAGE-LIGHTS,14.02,Schedule,LIGHTINGPROFILE,54.69,168.00,54.69,0.14
,Exterior Lighting Total,93.52,,,,,,1.40


----------------------------------------------------------------------------------------------------
REPORT:,Equipment Summary
FOR:,Entire Facility
Central Plant

,,Type,Nominal Capacity [W],Nominal Efficiency [W/W],IPLV in SI Units [W/W],IPLV in IP Units [Btu/W-h]
,None,,,,,


Cooling Coils

,,Type,Design Coil Load [W],Nominal Total Capacity [W],Nominal Sensible Capacity [W],Nominal Latent Capacity [W],Nominal Sensible Heat Ratio,Nominal Efficiency [W/W],Nominal Coil UA Value [W/C],Nominal Coil Surface Area [m2]
,DX COOLING COIL_UNIT1,Coil:Cooling:DX:SingleSpeed,,12403.42,9930.44,2472.98,0.80,3.97,,
Nominal values are gross at rated conditions, i.e., the supply air fan heat and electric power NOT accounted for.


DX Cooling Coils

,,DX Cooling Coil Type,Standard Rated Net Cooling Capacity [W],Standard Rated Net COP [W/W],EER [Btu/W-h],SEER [Btu/W-h],IEER [Btu/W-h]
,DX COOLING COIL_UNIT1,,11847.5,3.22,10.99,11.64,11.23
ANSI/AHRI ratings account for supply air fan heat and electric power.


DX Cooling Coil ASHRAE 127 Standard Ratings Report

,,DX Cooling Coil Type,Rated Net Cooling Capacity Test A [W],Rated Electric Power Test A [W],Rated Net Cooling Capacity Test B [W],Rated Electric Power Test B [W],Rated Net Cooling Capacity Test C [W],Rated Electric Power Test C [W],Rated Net Cooling Capacity Test D [W],Rated Electric Power Test D [W]
,DX COOLING COIL_UNIT1,Coil:Cooling:DX:SingleSpeed,,,,,,,,


DX Heating Coils

,,DX Heating Coil Type,High Temperature Heating (net) Rating Capacity [W],Low Temperature Heating (net) Rating Capacity [W],HSPF [Btu/W-h],Region Number
,None,,,,,


Heating Coils

,,Type,Design Coil Load [W],Nominal Total Capacity [W],Nominal Efficiency [W/W]
,MAIN GAS HEATING COIL_UNIT1,Coil:Heating:Fuel,,6394.58,0.78


Fans

,,Type,Total Efficiency [W/W],Delta Pressure [pa],Max Air Flow Rate [m3/s],Rated Electric Power [W],Rated Power Per Max Air Flow Rate [W-s/m3],Motor Heat In Air Fraction,Fan Energy Index,End Use,Design Day Name for Fan Sizing Peak,Date/Time for Fan Sizing Peak
,SUPPLY FAN_UNIT1,Fan:OnOff,0.38,400.00,0.72,760.33,1061.01,1.00,1.11,General,SACRAMENTO METROPOLITAN AP ANN HTG 99.6% CONDNS DB,12/21 15:00:00


Pumps

,,Type,Control,Head [pa],Water Flow [m3/s],Electric Power [W],Power Per Water Flow Rate [W-s/m3],Motor Efficiency [W/W]
,MAINS PRESSURE_UNIT1,Pump:VariableSpeed,Intermittent,1.00,0.000009,0.00,0.00,1.00


Service Water Heating

,,Type,Storage Volume [m3],Input [W],Thermal Efficiency [W/W],Recovery Efficiency [W/W],Energy Factor
,WATER HEATER_UNIT1,WaterHeater:Mixed,0.15,11137.80,0.80,1.27,0.56


----------------------------------------------------------------------------------------------------
REPORT:,HVAC Sizing Summary
FOR:,Entire Facility
Zone Sensible Cooling

,,Calculated Design Load [W],User Design Load [W],User Design Load per Area [W/m2],Calculated Design Air Flow [m3/s],User Design Air Flow [m3/s],Design Day Name,Date/Time Of Peak {TIMESTAMP},Thermostat Setpoint Temperature at Peak Load [C],Indoor Temperature at Peak Load [C],Indoor Humidity Ratio at Peak Load [kgWater/kgAir],Outdoor Temperature at Peak Load [C],Outdoor Humidity Ratio at Peak Load [kgWater/kgAir],Minimum Outdoor Air Flow Rate [m3/s],Heat Gain Rate from DOAS [W]
,LIVING_UNIT1,10450.54,10450.54,46.85,0.717,0.717,SACRAMENTO METROPOLITAN AP ANN CLG .4% CONDNS DB=>MWB,7/21 16:45:00,23.88,23.88,0.00821,35.86,0.00932,0.000,0.00
The Design Load is the zone sensible load only. It does not include any system effects or ventilation loads.


Zone Sensible Heating

,,Calculated Design Load [W],User Design Load [W],User Design Load per Area [W/m2],Calculated Design Air Flow [m3/s],User Design Air Flow [m3/s],Design Day Name,Date/Time Of Peak {TIMESTAMP},Thermostat Setpoint Temperature at Peak Load [C],Indoor Temperature at Peak Load [C],Indoor Humidity Ratio at Peak Load [kgWater/kgAir],Outdoor Temperature at Peak Load [C],Outdoor Humidity Ratio at Peak Load [kgWater/kgAir],Minimum Outdoor Air Flow Rate [m3/s],Heat Gain Rate from DOAS [W]
,LIVING_UNIT1,6489.10,6489.10,29.09,0.190,0.190,SACRAMENTO METROPOLITAN AP ANN HTG 99.6% CONDNS DB,12/21 15:00:00,22.22,22.21,0.00647,-0.30,0.00368,0.000,0.00
The Design Load is the zone sensible load only. It does not include any system effects or ventilation loads.


System Design Air Flow Rates

,,Calculated cooling [m3/s],User cooling [m3/s],Calculated heating [m3/s],User heating [m3/s],Adjusted cooling [m3/s],Adjusted heating [m3/s],Adjusted main [m3/s],Calculated Heating Air Flow Ratio [],User Heating Air Flow Ratio []
,CENTRAL SYSTEM_UNIT1,0.72,0.72,0.19,0.19,0.7166,0.7166,0.7166,1.0000,1.0000


Plant Loop Coincident Design Fluid Flow Rate Adjustments

,,Previous Design Volume Flow Rate [m3/s],Algorithm Volume Flow Rate [m3/s],Coincident Design Volume Flow Rate [m3/s],Coincident Size Adjusted,Peak Sizing Period Name,Peak Day into Period {TIMESTAMP}[day],Peak Hour Of Day {TIMESTAMP}[hr],Peak Step Start Minute {TIMESTAMP}[min]
,None,,,,,,,,


Coil Sizing Summary

,,Coil Type,HVAC Type,HVAC Name,Coil Final Gross Total Capacity [W],Coil Final Gross Sensible Capacity [W],Coil Final Reference Air Volume Flow Rate [m3/s],Coil Final Reference Plant Fluid Volume Flow Rate [m3/s],Coil U-value Times Area Value [W/K],Design Day Name at Sensible Ideal Loads Peak,Date/Time at Sensible Ideal Loads Peak,Design Day Name at Air Flow Ideal Loads Peak,Date/Time at Air Flow Ideal Loads Peak,Coil Total Capacity at Ideal Loads Peak [W],Coil Sensible Capacity at Ideal Loads Peak [W],Coil Air Volume Flow Rate at Ideal Loads Peak [m3/s],Coil Entering Air Drybulb at Ideal Loads Peak [C],Coil Entering Air Wetbulb at Ideal Loads Peak [C],Coil Entering Air Humidity Ratio at Ideal Loads Peak [KGWATER/KGDRYAIR],Coil Leaving Air Drybulb at Ideal Loads Peak [C],Coil Leaving Air Wetbulb at Ideal Loads Peak [C],Coil Leaving Air Humidity Ratio at Ideal Loads Peak [C],Outdoor Air Drybulb at Ideal Loads Peak [C],Outdoor Air Humidity Ratio at Ideal Loads Peak [KGWATER/KGDRYAIR],Outdoor Air Wetbulb at Ideal Loads Peak [C],Outdoor Air Flow Percentage at Ideal Loads Peak [%],Zone Air Drybulb at Ideal Loads Peak [C],Zone Air Humidity Ratio at Ideal Loads Peak [KGWATER/KGDRYAIR],Zone Air Relative Humidity at Ideal Loads Peak [%],Zone Sensible Heat Gain at Ideal Loads Peak [W],Zone Latent Heat Gain at Ideal Loads Peak [W],Coil Total Capacity at Rating Conditions [W],Coil Sensible Capacity at Rating Conditions [W]
,DX COOLING COIL_UNIT1,Coil:Cooling:DX:SingleSpeed,AirLoopHVAC,CENTRAL SYSTEM_UNIT1,12403.423,9930.442,0.716613,-999.0,-999.000,SACRAMENTO METROPOLITAN AP ANN CLG .4% CONDNS DB=>MWB,7/21 16:45:00,SACRAMENTO METROPOLITAN AP ANN CLG .4% CONDNS DB=>MWB,7/21 16:45:00,13517.24,13039.18,0.716613,24.74,16.38,0.00820624,12.00,11.25,0.00800000,35.86,0.00932033,20.88,0.0000,23.88,0.00820624,44.5063,10450.54,0.00,12401.70,9973.08
,MAIN GAS HEATING COIL_UNIT1,Coil:Heating:Fuel,AirLoopHVAC,CENTRAL SYSTEM_UNIT1,6394.585,6394.585,-999.0,-999.0,-999.000,SACRAMENTO METROPOLITAN AP ANN HTG 99.6% CONDNS DB,12/21 15:00:00,SACRAMENTO METROPOLITAN AP ANN HTG 99.6% CONDNS DB,12/21 15:00:00,6394.58,6394.58,0.716613,22.21,13.87,0.00646683,50.00,23.94,0.00800000,-0.30,0.00368464,-0.30,0.0000,22.21,0.00646683,38.9034,6489.10,0.00,-999.00,-999.00


----------------------------------------------------------------------------------------------------
REPORT:,Coil Sizing Details
FOR:,Entire Facility
Coils

,,Coil Type,Coil Location,HVAC Type,HVAC Name,Zone Name(s),System Sizing Method Concurrence,System Sizing Method Capacity,System Sizing Method Air Flow,Autosized Coil Capacity?,Autosized Coil Airflow?,Autosized Coil Water Flow?,OA Pretreated prior to coil inlet?,Coil Final Gross Total Capacity [W],Coil Final Gross Sensible Capacity [W],Coil Final Reference Air Volume Flow Rate [m3/s],Coil Final Reference Plant Fluid Volume Flow Rate [m3/s],Coil U-value Times Area Value [W/K],Terminal Unit Reheat Coil Multiplier,DX Coil Capacity Increase Ratio from Too Low Flow/Capacity Ratio,DX Coil Capacity Decrease Ratio from Too High Flow/Capacity Ratio,Moist Air Heat Capacity [J/kg-K],Dry Air Heat Capacity [J/kg-K],Standard Air Density Adjusted for Elevation [kg/m3],Supply Fan Name for Coil,Supply Fan Type for Coil,Supply Fan Maximum Air Volume Flow Rate [m3/s],Supply Fan Maximum Air Mass Flow Rate [kg/s],Plant Name for Coil,Plant Fluid Specific Heat Capacity [J/kg-K],Plant Fluid Density [kg/m3],Plant Maximum Fluid Mass Flow Rate [kg/s],Plant Design Fluid Return Temperature [C],Plant Design Fluid Supply Temperature [C],Plant Design Fluid Temperature Difference [deltaC],Plant Design Capacity [W],Coil Capacity Percentage of Plant Design Capacity [%],Coil Fluid Flow Rate Percentage of Plant Design Flow Rate [%],Design Day Name at Sensible Ideal Loads Peak,Date/Time at Sensible Ideal Loads Peak,Design Day Name at Total Ideal Loads Peak,Date/Time at Total Ideal Loads Peak,Design Day Name at Air Flow Ideal Loads Peak,Date/Time at Air Flow Ideal Loads Peak,Coil Total Capacity at Ideal Loads Peak [W],Coil Sensible Capacity at Ideal Loads Peak [W],Coil Off-Rating Capacity Modifier at Ideal Loads Peak [ ],Coil Air Mass Flow Rate at Ideal Loads Peak [kg/s],Coil Air Volume Flow Rate at Ideal Loads Peak [m3/s],Coil Entering Air Drybulb at Ideal Loads Peak [C],Coil Entering Air Wetbulb at Ideal Loads Peak [C],Coil Entering Air Humidity Ratio at Ideal Loads Peak [KGWATER/KGDRYAIR],Coil Entering Air Enthalpy at Ideal Loads Peak [J/KG-K],Coil Leaving Air Drybulb at Ideal Loads Peak [C],Coil Leaving Air Wetbulb at Ideal Loads Peak [C],Coil Leaving Air Humidity Ratio at Ideal Loads Peak [C],Coil Leaving Air Enthalpy at Ideal Loads Peak [J/KG-K],Coil Plant Fluid Mass Flow Rate at Ideal Loads Peak [kg/s],Coil Entering Plant Fluid Temperature at Ideal Loads Peak [C],Coil Leaving Plant Fluid Temperature at Ideal Loads Peak [C],Coil Plant Fluid Temperature Difference at Ideal Loads Peak [deltaC],Supply Fan Air Heat Gain at Ideal Loads Peak [W],Coil and Fan Net Total Capacity at Ideal Loads Peak [W],Outdoor Air Drybulb at Ideal Loads Peak [C],Outdoor Air Humidity Ratio at Ideal Loads Peak [KGWATER/KGDRYAIR],Outdoor Air Wetbulb at Ideal Loads Peak [C],Outdoor Air Volume Flow Rate at Ideal Loads Peak [m3/s],Outdoor Air Flow Percentage at Ideal Loads Peak [%],System Return Air Drybulb at Ideal Loads Peak [C],System Return Air Humidity Ratio at Ideal Loads Peak [KGWATER/KGDRYAIR],Zone Air Drybulb at Ideal Loads Peak [C],Zone Air Humidity Ratio at Ideal Loads Peak [KGWATER/KGDRYAIR],Zone Air Relative Humidity at Ideal Loads Peak [%],Zone Sensible Heat Gain at Ideal Loads Peak [W],Zone Latent Heat Gain at Ideal Loads Peak [W],Coil Total Capacity at Rating Conditions [W],Coil Sensible Capacity at Rating Conditions [W],Coil Air Mass Flow Rate at Rating Conditions [kg/s],Coil Entering Air Drybulb at Rating Conditions [C],Coil Entering Air Wetbulb at Rating Conditions [C],Coil Entering Air Humidity Ratio at Rating Conditions [KGWATER/KGDRYAIR],Coil Entering Air Enthalpy at Rating Conditions [J/KG-K],Coil Leaving Air Drybulb at Rating Conditions [C],Coil Leaving Air Wetbulb at Rating Conditions [C],Coil Leaving Air Humidity Ratio at Rating Conditions [KGWATER/KGDRYAIR],Coil Leaving Air Enthalpy at Rating Conditions [J/KG-K]
,DX COOLING COIL_UNIT1,Coil:Cooling:DX:SingleSpeed,AirLoop,AirLoopHVAC,CENTRAL SYSTEM_UNIT1,LIVING_UNIT1,Non-Coincident,CoolingDesignCapacity,N/A,Yes,Yes,unknown,No,12403.423,9930.442,0.716613,-999.0,-999.000,-999.0000,1.00000,1.00000,1020.0950,1004.8586,1.2039,SUPPLY FAN_UNIT1,Fan:OnOff,0.716613,0.86271603,,-999.0000,-999.0000,-999.0,-999.00,-999.00,-999.00,-999.00,-999.0000,-999.0,SACRAMENTO METROPOLITAN AP ANN CLG .4% CONDNS DB=>MWB,7/21 16:45:00,SACRAMENTO METROPOLITAN AP ANN CLG .4% CONDNS DB=>MWB,7/21 16:45:00,SACRAMENTO METROPOLITAN AP ANN CLG .4% CONDNS DB=>MWB,7/21 16:45:00,13517.24,13039.18,0.9176,0.86271603,0.716613,24.74,16.38,0.00820624,45763.9,12.00,11.25,0.00800000,32244.1,-999.0,-999.00,-999.00,-999.00,760.332,12756.91,35.86,0.00932033,20.88,0.00000000,0.0000,23.88,0.00820624,23.88,0.00820624,44.5063,10450.54,0.00,12401.70,9973.08,0.82855982,26.67,19.44,0.01117891,55307.7,14.91,14.40,0.01002968,40339.9
,MAIN GAS HEATING COIL_UNIT1,Coil:Heating:Fuel,AirLoop,AirLoopHVAC,CENTRAL SYSTEM_UNIT1,LIVING_UNIT1,Non-Coincident,HeatingDesignCapacity,N/A,Yes,No,unknown,No,6394.585,6394.585,-999.0,-999.0,-999.000,-999.0000,1.00000,1.00000,1019.7116,1004.8586,1.2039,SUPPLY FAN_UNIT1,Fan:OnOff,0.716613,0.86271603,,-999.0000,-999.0000,-999.0,-999.00,-999.00,-999.00,-999.00,-999.0000,-999.0,SACRAMENTO METROPOLITAN AP ANN HTG 99.6% CONDNS DB,12/21 15:00:00,unknown,unknown,SACRAMENTO METROPOLITAN AP ANN HTG 99.6% CONDNS DB,12/21 15:00:00,6394.58,6394.58,1.0000,0.86271603,0.716613,22.21,13.87,0.00646683,38759.7,50.00,23.94,0.00800000,70993.1,-999.0,-999.00,-999.00,-999.00,0.000,6394.58,-0.30,0.00368464,-0.30,0.00000000,0.0000,22.21,0.00646683,22.21,0.00646683,38.9034,6489.10,0.00,-999.00,-999.00,-999.0,-999.00,-999.00,-999.0,-999.0,-999.00,-999.00,-999.0,-999.0


----------------------------------------------------------------------------------------------------
REPORT:,System Summary
FOR:,Entire Facility
Economizer

,,High Limit Shutoff Control,Minimum Outdoor Air [m3/s],Maximum Outdoor Air [m3/s],Return Air Temp Limit,Return Air Enthalpy Limit,Outdoor Air Temperature Limit [C],Outdoor Air Enthalpy Limit [C]
,None,,,,,,,


Demand Controlled Ventilation using Controller:MechanicalVentilation

,,Controller:MechanicalVentilation Name,Outdoor Air Per Person [m3/s-person],Outdoor Air Per Area [m3/s-m2],Outdoor Air Per Zone [m3/s],Outdoor Air ACH [ach],Outdoor Air Method,Outdoor Air Schedule Name,Air Distribution Effectiveness in Cooling Mode,Air Distribution Effectiveness in Heating Mode,Air Distribution Effectiveness Schedule Name
,None,,,,,,,,,,


Time Not Comfortable Based on Simple ASHRAE 55-2004

,,Winter Clothes [hr],Summer Clothes [hr],Summer or Winter Clothes [hr]
,LIVING_UNIT1,3523.25,5579.75,947.50
,ATTIC_UNIT1,0.00,0.00,0.00
,Facility,3523.25,5579.75,947.50
Aggregated over the RunPeriods for Weather


Time Setpoint Not Met

,,During Heating [hr],During Cooling [hr],During Occupied Heating [hr],During Occupied Cooling [hr]
,LIVING_UNIT1,4.25,0.00,4.25,0.00
,ATTIC_UNIT1,0.00,0.00,0.00,0.00
,Facility,4.25,0.00,4.25,0.00
Aggregated over the RunPeriods for Weather


----------------------------------------------------------------------------------------------------
REPORT:,Outdoor Air Summary
FOR:,Entire Facility
Average Outdoor Air During Occupied Hours

,,Average Number of Occupants,Nominal Number of Occupants,Zone Volume [m3],Mechanical Ventilation [ach],Infiltration [ach],AFN Infiltration [ach],Simple Ventilation [ach]
,LIVING_UNIT1,2.07,3.00,476.12,0.000,0.518,0.000,0.219
Values shown for a single zone without multipliers


Minimum Outdoor Air During Occupied Hours

,,Average Number of Occupants,Nominal Number of Occupants,Zone Volume [m3],Mechanical Ventilation [ach],Infiltration [ach],AFN Infiltration [ach],Simple Ventilation [ach]
,LIVING_UNIT1,2.07,3.00,476.12,0.000,0.000,0.000,0.004
Values shown for a single zone without multipliers


----------------------------------------------------------------------------------------------------
REPORT:,Object Count Summary
FOR:,Entire Facility
Surfaces by Class

,,Total,Outdoors
,Wall,10,10
,Floor,3,0
,Roof,3,2
,Internal Mass,1,0
,Building Detached Shading,0,0
,Fixed Detached Shading,0,0
,Window,8,8
,Door,2,2
,Glass Door,0,0
,Shading,4,4
,Overhang,2,2
,Fin,0,0
,Tubular Daylighting Device Dome,0,0
,Tubular Daylighting Device Diffuser,0,0


HVAC

,,Count
,HVAC Air Loops,1
,Conditioned Zones,1
,Unconditioned Zones,1
,Supply Plenums,0
,Return Plenums,0


Input Fields

,,Count
,IDF Objects,0
,Defaulted Fields,0
,Fields with Defaults,0
,Autosized Fields,0
,Autosizable Fields,0
,Autocalculated Fields,0
,Autocalculatable Fields,0


----------------------------------------------------------------------------------------------------
REPORT:,Energy Meters
FOR:,Entire Facility
Annual and Peak Values - Electricity

,,Electricity Annual Value [GJ],Electricity Minimum Value [W],Timestamp of Minimum {TIMESTAMP},Electricity Maximum Value [W],Timestamp of Maximum {TIMESTAMP}
,Electricity:Facility,48.23,672.92,29-MAY-03:15,4443.56,15-AUG-15:15
,Electricity:Building,30.03,592.54,02-JAN-03:15,1605.92,01-JAN-20:15
,Electricity:Zone:LIVING_UNIT1,30.03,592.54,02-JAN-03:15,1605.92,01-JAN-20:15
,InteriorLights:Electricity,5.89,35.84,01-JAN-00:15,573.37,01-JAN-20:15
,InteriorLights:Electricity:Zone:LIVING_UNIT1,5.89,35.84,01-JAN-00:15,573.37,01-JAN-20:15
,General:InteriorLights:Electricity,5.89,35.84,01-JAN-00:15,573.37,01-JAN-20:15
,InteriorEquipment:Electricity,24.14,549.85,02-JAN-04:15,1032.55,01-JAN-20:15
,InteriorEquipment:Electricity:Zone:LIVING_UNIT1,24.14,549.85,02-JAN-04:15,1032.55,01-JAN-20:15
,Appl:InteriorEquipment:Electricity,6.70,75.11,02-JAN-03:15,350.14,01-JAN-11:15
,Misc:InteriorEquipment:Electricity,17.45,466.21,01-JAN-09:15,731.22,01-JAN-20:15
,Fans:Electricity,6.59,0.00,01-JAN-13:15,760.33,09-JAN-01:30
,Fans:Electricity:Zone:LIVING_UNIT1,0.00,0.00,01-JAN-00:15,0.00,01-JAN-00:15
,Ventilation (simple):Fans:Electricity,0.00,0.00,01-JAN-00:15,0.00,01-JAN-00:15
,ElectricityPurchased:Facility,48.23,672.92,29-MAY-03:15,4443.56,15-AUG-15:15
,ElectricityPurchased:Plant,48.23,672.92,29-MAY-03:15,4443.56,15-AUG-15:15
,Cogeneration:ElectricityPurchased,48.23,672.92,29-MAY-03:15,4443.56,15-AUG-15:15
,ElectricitySurplusSold:Facility,0.00,0.00,01-JAN-00:15,0.00,01-JAN-00:15
,ElectricitySurplusSold:Plant,0.00,0.00,01-JAN-00:15,0.00,01-JAN-00:15
,Cogeneration:ElectricitySurplusSold,0.00,0.00,01-JAN-00:15,0.00,01-JAN-00:15
,ElectricityNet:Facility,48.23,672.92,29-MAY-03:15,4443.56,15-AUG-15:15
,ElectricityNet:Plant,48.23,672.92,29-MAY-03:15,4443.56,15-AUG-15:15
,Cogeneration:ElectricityNet,48.23,672.92,29-MAY-03:15,4443.56,15-AUG-15:15
,ExteriorLights:Electricity,1.40,1.64,01-JAN-09:15,93.52,01-JAN-20:15
,Exterior-Lights:ExteriorLights:Electricity,1.40,1.64,01-JAN-09:15,93.52,01-JAN-20:15
,Electricity:HVAC,16.80,0.00,01-JAN-13:15,3620.91,15-AUG-14:45
,General:Fans:Electricity,6.59,0.00,01-JAN-13:15,760.33,09-JAN-01:30
,Heating:Electricity,0.00,0.00,01-JAN-00:15,0.00,01-JAN-00:15
,Cooling:Electricity,10.21,0.00,01-JAN-00:15,2880.64,15-AUG-14:45
,Electricity:Plant,0.00,0.00,01-JAN-00:15,0.00,01-JAN-00:15
,Pumps:Electricity,0.00,0.00,01-JAN-00:15,0.00,01-JAN-00:15


Annual and Peak Values - Gas

,,Gas Annual Value [GJ],Gas Minimum Value [W],Timestamp of Minimum {TIMESTAMP},Gas Maximum Value [W],Timestamp of Maximum {TIMESTAMP}
,Gas:Facility,62.83,41.96,09-APR-03:15,10146.77,09-JAN-06:30
,Gas:Building,3.59,41.96,01-JAN-03:15,305.65,01-JAN-17:15
,Gas:Zone:LIVING_UNIT1,3.59,41.96,01-JAN-03:15,305.65,01-JAN-17:15
,InteriorEquipment:Gas,3.59,41.96,01-JAN-03:15,305.65,01-JAN-17:15
,InteriorEquipment:Gas:Zone:LIVING_UNIT1,3.59,41.96,01-JAN-03:15,305.65,01-JAN-17:15
,Appl:InteriorEquipment:Gas,2.18,5.85,01-JAN-02:15,248.50,01-JAN-17:15
,Misc:InteriorEquipment:Gas,1.41,34.25,01-JAN-09:15,66.25,01-JAN-20:15
,Gas:Plant,19.20,0.00,01-JAN-00:15,1908.23,29-JAN-08:45
,WaterSystems:Gas,19.20,0.00,01-JAN-00:15,1908.23,29-JAN-08:45
,Water Heater:WaterSystems:Gas,19.20,0.00,01-JAN-00:15,1908.23,29-JAN-08:45
,Gas:HVAC,40.05,0.00,01-JAN-13:15,8198.19,09-JAN-01:30
,Heating:Gas,40.05,0.00,01-JAN-13:15,8198.19,09-JAN-01:30


Annual and Peak Values - Cooling

,,Cooling Annual Value [GJ],Cooling Minimum Value [W],Timestamp of Minimum {TIMESTAMP},Cooling Maximum Value [W],Timestamp of Maximum {TIMESTAMP}
,None,,,,,


Annual and Peak Values - Water

,,Annual Value [m3],Minimum Value [m3/s],Timestamp of Minimum {TIMESTAMP},Maximum Value [m3/s],Timestamp of Maximum {TIMESTAMP}
,Water:Facility,114.89,0.00,02-JAN-02:15,0.00,11-MAR-08:15
,Water:Plant,114.89,0.00,02-JAN-02:15,0.00,11-MAR-08:15
,WaterSystems:Water,114.89,0.00,02-JAN-02:15,0.00,11-MAR-08:15
,Water Heater:WaterSystems:Water,0.00,0.00,01-JAN-00:15,0.00,01-JAN-00:15
,MainsWater:Facility,114.89,0.00,02-JAN-02:15,0.00,11-MAR-08:15
,MainsWater:Plant,114.89,0.00,02-JAN-02:15,0.00,11-MAR-08:15
,WaterSystems:MainsWater,114.89,0.00,02-JAN-02:15,0.00,11-MAR-08:15
,Water Heater:WaterSystems:MainsWater,0.00,0.00,01-JAN-00:15,0.00,01-JAN-00:15
,Domestic Hot Water:WaterSystems:Water,114.89,0.00,02-JAN-02:15,0.00,11-MAR-08:15
,Domestic Hot Water:WaterSystems:MainsWater,114.89,0.00,02-JAN-02:15,0.00,11-MAR-08:15


Annual and Peak Values - Other by Weight/Mass

,,Annual Value [kg],Minimum Value [kg/s],Timestamp of Minimum {TIMESTAMP},Maximum Value [kg/s],Timestamp of Maximum {TIMESTAMP}
,Carbon Equivalent:Facility,0.00,0.000,01-JAN-00:15,0.000,01-JAN-00:15
,CarbonEquivalentEmissions:Carbon Equivalent,0.00,0.000,01-JAN-00:15,0.000,01-JAN-00:15


Annual and Peak Values - Other Volumetric

,,Annual Value [m3],Minimum Value [m3/s],Timestamp of Minimum {TIMESTAMP},Maximum Value [m3/s],Timestamp of Maximum {TIMESTAMP}
,None,,,,,


Annual and Peak Values - Other Liquid/Gas

,,Annual Value [L],Minimum Value [L],Timestamp of Minimum {TIMESTAMP},Maximum Value [L],Timestamp of Maximum {TIMESTAMP}
,None,,,,,


Annual and Peak Values - Other

,,Annual Value [GJ],Minimum Value [W],Timestamp of Minimum {TIMESTAMP},Maximum Value [W],Timestamp of Maximum {TIMESTAMP}
,PlantLoopHeatingDemand:Facility,11.03,26.69,03-AUG-02:30,833.73,05-FEB-09:00
,PlantLoopHeatingDemand:Plant,11.03,26.69,03-AUG-02:30,833.73,05-FEB-09:00
,WaterSystems:PlantLoopHeatingDemand,11.03,26.69,03-AUG-02:30,833.73,05-FEB-09:00
,Water Heater:WaterSystems:PlantLoopHeatingDemand,0.00,0.00,01-JAN-00:15,0.00,01-JAN-00:15
,EnergyTransfer:Facility,155.33,26.73,31-JUL-02:30,20891.20,15-AUG-14:45
,EnergyTransfer:Building,68.68,0.00,01-JAN-13:15,8400.88,15-AUG-14:45
,EnergyTransfer:Zone:LIVING_UNIT1,68.68,0.00,01-JAN-13:15,8400.88,15-AUG-14:45
,Heating:EnergyTransfer,34.95,0.00,01-JAN-13:15,7231.38,09-JAN-03:00
,Heating:EnergyTransfer:Zone:LIVING_UNIT1,34.95,0.00,01-JAN-13:15,7231.38,09-JAN-03:00
,Cooling:EnergyTransfer,33.73,0.00,01-JAN-00:15,8400.88,15-AUG-14:45
,Cooling:EnergyTransfer:Zone:LIVING_UNIT1,33.73,0.00,01-JAN-00:15,8400.88,15-AUG-14:45
,EnergyTransfer:Zone:ATTIC_UNIT1,0.00,0.00,01-JAN-00:15,0.00,01-JAN-00:15
,Heating:EnergyTransfer:Zone:ATTIC_UNIT1,0.00,0.00,01-JAN-00:15,0.00,01-JAN-00:15
,Cooling:EnergyTransfer:Zone:ATTIC_UNIT1,0.00,0.00,01-JAN-00:15,0.00,01-JAN-00:15
,EnergyTransfer:Plant,11.03,26.69,03-AUG-02:30,833.73,05-FEB-09:00
,WaterSystems:EnergyTransfer,11.03,26.69,03-AUG-02:30,833.73,05-FEB-09:00
,Domestic Hot Water:WaterSystems:EnergyTransfer,11.03,26.69,03-AUG-02:30,833.73,05-FEB-09:00
,EnergyTransfer:HVAC,75.62,0.00,01-JAN-13:15,12250.80,15-AUG-14:45
,HeatingCoils:EnergyTransfer,31.24,0.00,01-JAN-13:15,6394.58,09-JAN-01:30
,CoolingCoils:EnergyTransfer,44.39,0.00,01-JAN-00:15,12250.80,15-AUG-14:45


----------------------------------------------------------------------------------------------------
REPORT:,Sensible Heat Gain Summary
FOR:,Entire Facility
Annual Building Sensible Heat Gain Components

,,HVAC Zone Eq & Other Sensible Air Heating [GJ],HVAC Zone Eq & Other Sensible Air Cooling [GJ],HVAC Terminal Unit Sensible Air Heating [GJ],HVAC Terminal Unit Sensible Air Cooling [GJ],HVAC Input Heated Surface Heating [GJ],HVAC Input Cooled Surface Cooling [GJ],People Sensible Heat Addition [GJ],Lights Sensible Heat Addition [GJ],Equipment Sensible Heat Addition [GJ],Window Heat Addition [GJ],Interzone Air Transfer Heat Addition [GJ],Infiltration Heat Addition [GJ],Opaque Surface Conduction and Other Heat Addition [GJ],Equipment Sensible Heat Removal [GJ],Window Heat Removal [GJ],Interzone Air Transfer Heat Removal [GJ],Infiltration Heat Removal [GJ],Opaque Surface Conduction and Other Heat Removal [GJ]
,LIVING_UNIT1,0.000,0.000,34.951,-33.730,0.000,0.000,4.839,5.886,17.471,41.155,0.000,1.204,0.000,0.000,-14.877,0.000,-32.067,-24.834
,ATTIC_UNIT1,0.000,0.000,0.000,0.000,0.000,0.000,0.000,0.000,0.000,0.000,0.000,0.728,4.103,0.000,0.000,0.000,-4.831,-0.000
,Total Facility,0.000,0.000,34.951,-33.730,0.000,0.000,4.839,5.886,17.471,41.155,0.000,1.932,4.103,0.000,-14.877,0.000,-36.898,-24.834


Peak Cooling Sensible Heat Gain Components

,,Time of Peak {TIMESTAMP},HVAC Zone Eq & Other Sensible Air Heating [W],HVAC Zone Eq & Other Sensible Air Cooling [W],HVAC Terminal Unit Sensible Air Heating [W],HVAC Terminal Unit Sensible Air Cooling [W],HVAC Input Heated Surface Heating [W],HVAC Input Cooled Surface Cooling [W],People Sensible Heat Addition [W],Lights Sensible Heat Addition [W],Equipment Sensible Heat Addition [W],Window Heat Addition [W],Interzone Air Transfer Heat Addition [W],Infiltration Heat Addition [W],Opaque Surface Conduction and Other Heat Addition [W],Equipment Sensible Heat Removal [W],Window Heat Removal [W],Interzone Air Transfer Heat Removal [W],Infiltration Heat Removal [W],Opaque Surface Conduction and Other Heat Removal [W]
,LIVING_UNIT1,15-AUG-14:38,0.00,0.00,0.00,-8402.73,0.00,0.00,50.65,67.19,515.00,5987.33,0.00,1637.31,145.26,0.00,-0.00,0.00,0.00,0.00
,ATTIC_UNIT1,-,0.00,0.00,0.00,0.00,0.00,0.00,0.00,0.00,0.00,0.00,0.00,0.00,0.00,0.00,0.00,0.00,0.00,0.00
,Total Facility,15-AUG-14:38,0.00,0.00,0.00,-8402.73,0.00,0.00,50.65,67.19,515.00,5987.33,0.00,1637.31,968.65,0.00,0.00,0.00,-823.40,0.00


Peak Heating Sensible Heat Gain Components

,,Time of Peak {TIMESTAMP},HVAC Zone Eq & Other Sensible Air Heating [W],HVAC Zone Eq & Other Sensible Air Cooling [W],HVAC Terminal Unit Sensible Air Heating [W],HVAC Terminal Unit Sensible Air Cooling [W],HVAC Input Heated Surface Heating [W],HVAC Input Cooled Surface Cooling [W],People Sensible Heat Addition [W],Lights Sensible Heat Addition [W],Equipment Sensible Heat Addition [W],Window Heat Addition [W],Interzone Air Transfer Heat Addition [W],Infiltration Heat Addition [W],Opaque Surface Conduction and Other Heat Addition [W],Equipment Sensible Heat Removal [W],Window Heat Removal [W],Interzone Air Transfer Heat Removal [W],Infiltration Heat Removal [W],Opaque Surface Conduction and Other Heat Removal [W]
,LIVING_UNIT1,09-JAN-03:00,0.00,0.00,7231.19,0.00,0.00,0.00,234.62,35.84,434.71,0.00,0.00,0.00,0.00,0.00,-2067.54,0.00,-4120.22,-1748.59
,ATTIC_UNIT1,-,0.00,0.00,0.00,0.00,0.00,0.00,0.00,0.00,0.00,0.00,0.00,0.00,0.00,0.00,0.00,0.00,0.00,0.00
,Total Facility,09-JAN-03:00,0.00,0.00,7231.19,0.00,0.00,0.00,234.62,35.84,434.71,0.00,0.00,56.60,0.00,0.00,-2067.54,0.00,-4120.22,-1805.19


----------------------------------------------------------------------------------------------------
REPORT:,Standard 62.1 Summary
FOR:,Entire Facility
System Ventilation Requirements for Cooling

,,Sum of Zone Primary Air Flow - Vpz-sum [m3/s],System Population - Ps,Sum of Zone Population - Pz-sum,Occupant Diversity - D,Uncorrected Outdoor Air Intake Airflow - Vou [m3/s],System Primary Airflow - Vps [m3/s],Average Outdoor Air Fraction - Xs,System Ventilation Efficiency - Ev,Outdoor Air Intake Flow - Vot [m3/s],Percent Outdoor Air - %OA,Environment Name of Peak System Population - Ps,Date and Time of Last Peak System Population - Ps
,CENTRAL SYSTEM_UNIT1,0.7166,0.0000,3.0000,1.0000,0.0000,0.7166,0.0000,1.0000,0.0000,0.0000,,


System Ventilation Requirements for Heating

,,Sum of Zone Primary Air Flow - Vpz-sum [m3/s],System Population - Ps,Sum of Zone Population - Pz-sum,Occupant Diversity - D,Uncorrected Outdoor Air Intake Airflow - Vou [m3/s],System Primary Airflow - Vps [m3/s],Average Outdoor Air Fraction - Xs,System Ventilation Efficiency - Ev,Outdoor Air Intake Flow Vot [m3/s],Percent Outdoor Air - %OA,Environment Name of Peak System Population - Ps,Date and Time of Last Peak System Population - Ps
,CENTRAL SYSTEM_UNIT1,0.7166,0.0000,3.0000,1.0000,0.0000,0.7166,0.0000,1.0000,0.0000,0.0000,,


Zone Ventilation Parameters

,,AirLoop Name,People Outdoor Air Rate - Rp [m3/s-person],Zone Population - Pz,Area Outdoor Air Rate - Ra [m3/s-m2],Zone Floor Area - Az [m2],Breathing Zone Outdoor Airflow - Vbz [m3/s],Cooling Zone Air Distribution Effectiveness - Ez-clg,Cooling Zone Outdoor Airflow - Voz-clg [m3/s],Heating Zone Air Distribution Effectiveness - Ez-htg,Heating Zone Outdoor Airflow - Voz-htg [m3/s]
,LIVING_UNIT1,CENTRAL SYSTEM_UNIT1,0.000000,3.0000,0.000000,223.05,0.0000,1.0000,0.0000,1.000,0.0000


System Ventilation Parameters

,,People Outdoor Air Rate - Rp [m3/s-person],Sum of Zone Population - Pz-sum,Area Outdoor Air Rate - Ra [m3/s-m2],Sum of Zone Floor Area - Az-sum [m2],Breathing Zone Outdoor Airflow - Vbz [m3/s],Cooling Zone Outdoor Airflow - Voz-clg [m3/s],Heating Zone Outdoor Airflow - Voz-htg [m3/s]
,CENTRAL SYSTEM_UNIT1,0.000000,3.00,0.000000,223.0483,0.0000,0.0000,0.0000


Zone Ventilation Calculations for Cooling Design

,,AirLoop Name,Box Type,Zone Primary Airflow - Vpz [m3/s],Zone Discharge Airflow - Vdz [m3/s],Minimum Zone Primary Airflow - Vpz-min [m3/s],Zone Outdoor Airflow Cooling - Voz-clg [m3/s],Primary Outdoor Air Fraction - Zpz,Primary Air Fraction - Ep,Secondary Recirculation Fraction- Er,Supply Air Fraction- Fa,Mixed Air Fraction - Fb,Outdoor Air Fraction - Fc,Zone Ventilation Efficiency - Evz
,LIVING_UNIT1,CENTRAL SYSTEM_UNIT1,,0.7166,0.7166,0.7166,0.0000,0.0000,1.0000,0.0000,0.0000,0.0000,0.0000,1.0000


System Ventilation Calculations for Cooling Design

,,Sum of Zone Primary Airflow - Vpz-sum [m3/s],System Primary Airflow - Vps [m3/s],Sum of Zone Discharge Airflow - Vdz-sum [m3/s],Sum of Min Zone Primary Airflow - Vpz-min [m3/s],Zone Outdoor Airflow Cooling - Voz-clg [m3/s],Zone Ventilation Efficiency - Evz-min
,CENTRAL SYSTEM_UNIT1,0.7166,0.7166,0.7166,0.7166,0.0000,1.0000


Zone Ventilation Calculations for Heating Design

,,AirLoop Name,Box Type,Zone Primary Airflow - Vpz [m3/s],Zone Discharge Airflow - Vdz [m3/s],Minimum Zone Primary Airflow - Vpz-min [m3/s],Zone Outdoor Airflow Heating - Voz-htg [m3/s],Primary Outdoor Air Fraction - Zpz,Primary Air Fraction - Ep,Secondary Recirculation Fraction- Er,Supply Air Fraction- Fa,Mixed Air Fraction - Fb,Outdoor Air Fraction - Fc,Zone Ventilation Efficiency - Evz
,LIVING_UNIT1,CENTRAL SYSTEM_UNIT1,,0.7166,0.7166,0.7166,0.0000,0.0000,1.0000,0.0000,0.0000,0.0000,0.0000,1.0000


System Ventilation Calculations for Heating Design

,,Sum of Zone Primary Airflow - Vpz-sum [m3/s],System Primary Airflow - Vps [m3/s],Sum of Zone Discharge Airflow - Vdz-sum [m3/s],Sum of Min Zone Primary Airflow - Vpz-min [m3/s],Zone Outdoor Airflow Heating - Voz-htg [m3/s],Zone Ventilation Efficiency - Evz-min
,CENTRAL SYSTEM_UNIT1,0.7166,0.7166,0.7166,0.7166,0.0000,1.0000


----------------------------------------------------------------------------------------------------
REPORT:,LEED Summary
FOR:,Entire Facility
Sec1.1A-General Information

,,Data
,Cooling Degree Days,2174
,Heating Degree Days,1514
,HDD and CDD data source,Weather File Stat
,Climate Zone,3C
,Weather File,ANNUAL ** Roma-Fiumicino - ITA IGDG WMO#=162420
,Total gross floor area [m2],334.57
,Principal Heating Source,Natural Gas


EAp2-1. Space Usage Type

,,Space Area [m2],Regularly Occupied Area [m2],Unconditioned Area [m2],Typical Hours/Week in Operation [hr/wk]
,LIVING_UNIT1,223.05,223.05,0.00,168.00
,ATTIC_UNIT1,111.52,0.00,111.52,0.00
,Totals,334.57,223.05,111.52,


EAp2-2. Advisory Messages

,,Data
,Number of hours heating loads not met,4.25
,Number of hours cooling loads not met,0.00
,Number of hours not met,4.25


EAp2-3. Energy Type Summary

,,Utility Rate,Virtual Rate [$/unit energy],Units of Energy,Units of Demand
,None,,,,


EAp2-4/5. Performance Rating Method Compliance

,,Electric Energy Use [GJ],Electric Demand [W],Natural Gas Energy Use [GJ],Natural Gas Demand [W],Additional Fuel Use [GJ],Additional Fuel Demand [W],District Cooling Use [GJ],District Cooling Demand [W],District Heating Use [GJ],District Heating Demand [W]
,Heating -- Not Subdivided,0.00,0.00,40.05,8198.19,0.00,0.00,0.00,0.00,0.00,0.00
,Cooling -- Not Subdivided,10.21,2880.64,0.00,0.00,0.00,0.00,0.00,0.00,0.00,0.00
,Interior Lighting -- General,5.89,573.37,0.00,0.00,0.00,0.00,0.00,0.00,0.00,0.00
,Exterior Lighting -- Exterior-Lights,1.40,93.52,0.00,0.00,0.00,0.00,0.00,0.00,0.00,0.00
,Interior Equipment -- Appl,6.70,350.14,2.18,248.50,0.00,0.00,0.00,0.00,0.00,0.00
,Interior Equipment -- Misc,17.45,731.22,1.41,66.25,0.00,0.00,0.00,0.00,0.00,0.00
,Exterior Equipment -- Not Subdivided,0.00,0.00,0.00,0.00,0.00,0.00,0.00,0.00,0.00,0.00
,Fans -- Ventilation (simple),0.00,0.00,0.00,0.00,0.00,0.00,0.00,0.00,0.00,0.00
,Fans -- General,6.59,760.33,0.00,0.00,0.00,0.00,0.00,0.00,0.00,0.00
,Pumps -- Not Subdivided,0.00,0.00,0.00,0.00,0.00,0.00,0.00,0.00,0.00,0.00
,Heat Rejection -- Not Subdivided,0.00,0.00,0.00,0.00,0.00,0.00,0.00,0.00,0.00,0.00
,Humidification -- Not Subdivided,0.00,0.00,0.00,0.00,0.00,0.00,0.00,0.00,0.00,0.00
,Heat Recovery -- Not Subdivided,0.00,0.00,0.00,0.00,0.00,0.00,0.00,0.00,0.00,0.00
,Water Systems -- Water Heater,0.00,0.00,19.20,1908.23,0.00,0.00,0.00,0.00,0.00,0.00
,Water Systems -- Domestic Hot Water,0.00,0.00,0.00,0.00,0.00,0.00,0.00,0.00,0.00,0.00
,Refrigeration -- Not Subdivided,0.00,0.00,0.00,0.00,0.00,0.00,0.00,0.00,0.00,0.00
,Generators -- Not Subdivided,0.00,0.00,0.00,0.00,0.00,0.00,0.00,0.00,0.00,0.00


EAp2-6. Energy Use Summary

,,Process Subtotal [GJ],Total Energy Use [GJ]
,Electricity,24.14,48.23
,Natural Gas,3.59,62.83
,Additional,0.00,0.00
,Total,27.73,111.06


EAp2-7. Energy Cost Summary

,,Process Subtotal [$],Total Energy Cost [$]
,Electricity,0.00,
,Natural Gas,0.00,
,Additional,0.00,
,Total,0.00,
Process energy cost based on ratio of process to total energy.


L-1. Renewable Energy Source Summary

,,Rated Capacity [kW],Annual Energy Generated [GJ]
,Photovoltaic,0.00,0.00
,Wind,0.00,0.00


EAp2-17a. Energy Use Intensity - Electricity

,,Electricty [MJ/m2]
,Interior Lighting (All),17.59
,Space Heating,0.00
,Space Cooling,30.51
,Fans (All),19.70
,Service Water Heating,0.00
,Receptacle Equipment,72.17
,Miscellaneous (All),144.14
,Subtotal,144.14


EAp2-17b. Energy Use Intensity - Natural Gas

,,Natural Gas [MJ/m2]
,Space Heating,119.70
,Service Water Heating,57.37
,Miscellaneous (All),187.80
,Subtotal,187.80


EAp2-17c. Energy Use Intensity - Additional

,,Additional [MJ/m2]
,Subtotal,0.00
,Miscellaneous,0.00


EAp2-18. End Use Percentage

,,Percent [%]
,Interior Lighting (All),5.30
,Space Heating,36.06
,Space Cooling,9.19
,Fans (All),5.93
,Service Water Heating,17.28
,Receptacle Equipment,24.97
,Miscellaneous,1.26


Schedules-Equivalent Full Load Hours (Schedule Type=Fraction)

,,Equivalent Full Load Hours of Operation Per Year [hr],Hours > 1% [hr]
,S-LIGHTING,3062.,8760.
,OCCUPANCY,6031.,8760.
,LIGHTINGPROFILE,2852.,8760.
,LIGHTINGPROFILE_EELIGHTING,3070.,8760.
,EXTERIORLIGHTINGPROFILE,4380.,4380.
,REFRIGERATOR,7343.,8760.
,MISCPLUGLOAD,5918.,8760.
,COOKINGRANGE,2434.,8760.
,DHW_SCH,365.,8760.
,DISHWASHER,3134.,8760.
,CLOTHESWASHER,3692.,8760.
,CLOTHESDRYER,3911.,8760.
,SINKS,4680.,8760.
,SHOWERS,2956.,8760.
,BATHS,2896.,8760.
,DHWDIST,4662.,8760.
,OCCUPANCY_SCH,6031.,8760.
,LIGHTING_SCH,2852.,8760.
,WINDOW_SHADES,7323.,8760.
,SINKSENSSCHEDULE,6025.,8760.
,SINKLATSCHEDULE,2735.,8760.
,SHOWERSENSSCHEDULE,4492.,8760.
,SHOWERLATSCHEDULE,4268.,8760.
,BATHSENSSCHEDULE,8760.,8760.
,BATHLATSCHEDULE,0.,0.


Schedules-SetPoints (Schedule Type=Temperature)

,,First Object Used,Month Assumed,11am First Wednesday [C],Days with Same 11am Value,11pm First Wednesday [C],Days with Same 11pm Value
,HEATING_SCH,THERMOSTAT_LIVING DUAL SP CONTROL,January,22.22,365,22.22,365
,COOLING_SCH,THERMOSTAT_LIVING DUAL SP CONTROL,July,23.88,365,23.88,365


----------------------------------------------------------------------------------------------------
REPORT:,FANSPLIT
FOR:,CENTRAL SYSTEM_UNIT1
Custom Monthly Report

,,AIR SYSTEM COOLING COIL TOTAL COOLING ENERGY {HOURS NON-ZERO} [HOURS],AIR SYSTEM FAN ELECTRIC ENERGY {FOR HOURS SHOWN} [J],AIR SYSTEM HEATING COIL TOTAL HEATING ENERGY {HOURS NON-ZERO} [HOURS],AIR SYSTEM FAN ELECTRIC ENERGY {FOR HOURS SHOWN} [J],AIR SYSTEM FAN ELECTRIC ENERGY [J]
,January,5.625,726621.548,699.500,0.896567E+09,0.897294E+09
,February,32.042,8386781.526,578.579,0.655235E+09,0.663621E+09
,March,119.029,0.535880E+08,512.604,0.502466E+09,0.556054E+09
,April,235.868,0.123885E+09,365.604,0.285710E+09,0.409594E+09
,May,384.155,0.298248E+09,233.335,0.106261E+09,0.404510E+09
,June,496.920,0.467876E+09,94.292,0.203023E+08,0.488178E+09
,July,612.843,0.666815E+09,6.750,344076.474,0.667159E+09
,August,616.767,0.629598E+09,18.000,4247763.592,0.633846E+09
,September,488.492,0.427385E+09,82.625,0.195047E+08,0.446890E+09
,October,328.829,0.182630E+09,292.500,0.144706E+09,0.327337E+09
,November,70.521,0.166647E+08,503.146,0.341938E+09,0.358603E+09
,December,4.000,429550.399,711.229,0.736969E+09,0.737399E+09
,,,,,,
,Annual Sum or Average,3395.090,0.287623E+10,4098.164,0.371425E+10,0.659048E+10
,Minimum of Months,4.000,429550.399,6.750,344076.474,0.327337E+09
,Maximum of Months,616.767,0.666815E+09,711.229,0.896567E+09,0.897294E+09


----------------------------------------------------------------------------------------------------
REPORT:,COILLOADS
FOR:,MAIN GAS HEATING COIL_UNIT1
Custom Monthly Report

,,HEATING COIL HEATING RATE [W],HEATING COIL HEATING RATE [W],COOLING COIL TOTAL COOLING RATE []
,January,2815.25,2815.25,0.00
,February,2277.90,2277.90,0.00
,March,1577.76,1577.76,0.00
,April,927.04,927.04,0.00
,May,333.66,333.66,0.00
,June,65.87,65.87,0.00
,July,1.08,1.08,0.00
,August,13.34,13.34,0.00
,September,63.29,63.29,0.00
,October,454.38,454.38,0.00
,November,1109.49,1109.49,0.00
,December,2314.10,2314.10,0.00
,,,,
,Annual Sum or Average,990.54,990.54,
,Minimum of Months,1.08,1.08,0.00
,Maximum of Months,2815.25,2815.25,0.00


----------------------------------------------------------------------------------------------------
REPORT:,COILLOADS
FOR:,DX COOLING COIL_UNIT1
Custom Monthly Report

,,HEATING COIL HEATING RATE [],HEATING COIL HEATING RATE [],COOLING COIL TOTAL COOLING RATE [W]
,January,0.00,0.00,4.05
,February,0.00,0.00,51.95
,March,0.00,0.00,299.16
,April,0.00,0.00,715.41
,May,0.00,0.00,1711.41
,June,0.00,0.00,2771.51
,July,0.00,0.00,3870.19
,August,0.00,0.00,3678.87
,September,0.00,0.00,2549.35
,October,0.00,0.00,1025.71
,November,0.00,0.00,94.68
,December,0.00,0.00,2.24
,,,,
,Annual Sum or Average,,,1407.46
,Minimum of Months,0.00,0.00,2.24
,Maximum of Months,0.00,0.00,3870.19


